ITI_dur,RespWinDur,ShockDur,ShockFlag,Reminder,Stim_Duration,TrialType,RespLatency,AMdepth,AMrate,Highpass,Lowpass,dBSPL,sStim,Optostim,AirPuff,ResponseCode,TrialID,ComputerTimestamp_1,ComputerTimestamp_2,ComputerTimestamp_3,ComputerTimestamp_4,ComputerTimestamp_5,ComputerTimestamp_6,PumpRate,Nogo_lim,Nogo_min,Trial_onset,Trial_offset,Subj_id,Session_id,Hit,Miss,CR,FA
100,100,300,1,0,1000,1,50.0466918945312,0,5,100,20000,45,29674,0,0,36,1,2021,5,20,10,4,34.407,0.2,5,3,31.46043392,32.41048064,SUBJ-ID-154,MML-Passive-Post-210520-100355,0,0,1,0
100,100,300,1,0,1000,1,50.0466918945312,0,5,100,20000,45,42996,0,0,36,2,2021,5,20,10,4,35.499,0.2,5,3,32.59533312,33.54537984,SUBJ-ID-154,MML-Passive-Post-210520-100355,0,0,1,0
100,100,300,1,0,1000,1,50.0466918945312,0,5,100,20000,45,56623,0,0,36,3,2021,5,20,10,4,36.615,0.2,5,3,33.69549824,34.64554496,SUBJ-ID-154,MML-Passive-Post-210520-100355,0,0,1,0
100,100,300,1,0,1000,0,50.0466918945312,0.709999978542328,5,100,20000,45,71269,0,0,18,4,2021,5,20,10,4,37.814,0.2,5,3,34.83246592,35.78251264,SUBJ-ID-154,MML-Passive-Post-210520-100355,0,1,0,0
100,100,300,1,0,1000,1,50.0466918945312,0,5,100,20000,45,86702,0,0,36,5,2021,5,20,10,4,39.079,0.2,5,3,36.0825856,37.03263232,SUBJ-ID-154,MML-Passive-Post-210520-100355,0,0,1,0
100,100,300,1,0,1000,1,50.0466918945312,0,5,100,20000,45,101208,0,0,36,6,2021,5,20,10,4,40.269,0.2,5,3,37.28017408,38.2302208,SUBJ-ID-154,MML-Passive-Post-210520-100355,0,0,1,0
100,100,300,1,0,1000,1,50.0466918945312,0,5,100,20000,45,115201,0,0,36,7,2021,5,20,10,4,41.417,0.2,5,3,38.4873472,39.43739392,SUBJ-ID-154,MML-Passive-Post-210520-100355,0,0,1,0
100,100,300,1,0,1000,1,50.0466918945312,0,5,100,20000,45,128782,0,0,36,8,2021,5,20,10,4,42.526,0.2,5,3,39.60915968,40.5592064,SUBJ-ID-154,MML-Passive-Post-210520-100355,0,0,1,0
100,100,300,1,0,1000,1,50.0466918945312,0,5,100,20000,45,142592,0,0,36,9,2021,5,20,10,4,43.657,0.2,5,3,40.72040448,41.6704512,SUBJ-ID-154,MML-Passive-Post-210520-100355,0,0,1,0
100,100,300,1,0,1000,0,50.0466918945312,0.5,5,100,20000,45,156845,0,0,18,10,2021,5,20,10,4,44.827,0.2,5,3,41.8533376,42.80338432,SUBJ-ID-154,MML-Passive-Post-210520-100355,0,1,0,0
100,100,300,1,0,1000,1,50.0466918945312,0,5,100,20000,45,171673,0,0,36,11,2021,5,20,10,4,46.04,0.2,5,3,43.10345728,44.053504,SUBJ-ID-154,MML-Passive-Post-210520-100355,0,0,1,0
100,100,300,1,0,1000,1,50.0466918945312,0,5,100,20000,45,185180,0,0,36,12,2021,5,20,10,4,47.146,0.2,5,3,44.23970816,45.18975488,SUBJ-ID-154,MML-Passive-Post-210520-100355,0,0,1,0
100,100,300,1,0,1000,1,50.0466918945312,0,5,100,20000,45,199598,0,0,36,13,2021,5,20,10,4,48.328,0.2,5,3,45.3443584,46.29440512,SUBJ-ID-154,MML-Passive-Post-210520-100355,0,0,1,0
100,100,300,1,0,1000,0,50.0466918945312,0.349999994039536,5,100,20000,45,213382,0,0,18,14,2021,5,20,10,4,49.457,0.2,5,3,46.52189696,47.47194368,SUBJ-ID-154,MML-Passive-Post-210520-100355,0,1,0,0
100,100,300,1,0,1000,1,50.0466918945312,0,5,100,20000,45,229157,0,0,36,15,2021,5,20,10,4,50.749,0.2,5,3,47.77201664,48.72206336,SUBJ-ID-154,MML-Passive-Post-210520-100355,0,0,1,0
100,100,300,1,0,1000,1,50.0466918945312,0,5,100,20000,45,243633,0,0,36,16,2021,5,20,10,4,51.937,0.2,5,3,48.95342592,49.90347264,SUBJ-ID-154,MML-Passive-Post-210520-100355,0,0,1,0
100,100,300,1,0,1000,1,50.0466918945312,0,5,100,20000,45,257317,0,0,36,17,2021,5,20,10,4,53.056,0.2,5,3,50.12391936,51.07396608,SUBJ-ID-154,MML-Passive-Post-210520-100355,0,0,1,0
100,100,300,0,0,1000,0,50.0466918945312,0.25,5,100,20000,45,271651,0,0,18,18,2021,5,20,10,4,54.23,0.2,5,3,51.25582848,52.2058752,SUBJ-ID-154,MML-Passive-Post-210520-100355,0,1,0,0
100,100,300,0,0,1000,1,50.0466918945312,0,5,100,20000,45,285588,0,0,36,19,2021,5,20,10,4,55.372,0.2,5,3,52.43738112,53.38742784,SUBJ-ID-154,MML-Passive-Post-210520-100355,0,0,1,0
100,100,300,0,0,1000,1,50.0466918945312,0,5,100,20000,45,299697,0,0,36,20,2021,5,20,10,4,56.528,0.2,5,3,53.59151104,54.54155776,SUBJ-ID-154,MML-Passive-Post-210520-100355,0,0,1,0
100,100,300,0,0,1000,1,50.0466918945312,0,5,100,20000,45,314468,0,0,36,21,2021,5,20,10,4,57.738,0.2,5,3,54.7382272,55.68827392,SUBJ-ID-154,MML-Passive-Post-210520-100355,0,0,1,0
100,100,300,0,0,1000,1,50.0466918945312,0,5,100,20000,45,328091,0,0,36,22,2021,5,20,10,4,58.854,0.2,5,3,55.935488,56.88553472,SUBJ-ID-154,MML-Passive-Post-210520-100355,0,0,1,0
100,100,300,0,0,1000,0,50.0466918945312,0.180000007152557,5,100,20000,45,342428,0,0,18,23,2021,5,20,10,5,0.029,0.2,5,3,57.05619456,58.00624128,SUBJ-ID-154,MML-Passive-Post-210520-100355,0,1,0,0
100,100,300,0,0,1000,1,50.0466918945312,0,5,100,20000,45,356196,0,0,36,24,2021,5,20,10,5,1.156,0.2,5,3,58.23594496,59.18599168,SUBJ-ID-154,MML-Passive-Post-210520-100355,0,0,1,0
100,100,300,0,0,1000,1,50.0466918945312,0,5,100,20000,45,3894,0,0,36,25,2021,5,20,10,5,2.327,0.2,5,3,59.3818624,60.33190912,SUBJ-ID-154,MML-Passive-Post-210520-100355,0,0,1,0
100,100,300,0,0,1000,1,50.0466918945312,0,5,100,20000,45,17498,0,0,36,26,2021,5,20,10,5,3.442,0.2,5,3,60.517888,61.46793472,SUBJ-ID-154,MML-Passive-Post-210520-100355,0,0,1,0
100,100,300,0,0,1000,1,50.0466918945312,0,5,100,20000,45,32000,0,0,36,27,2021,5,20,10,5,4.63,0.2,5,3,61.64023296,62.59027968,SUBJ-ID-154,MML-Passive-Post-210520-100355,0,0,1,0
100,100,300,1,0,1000,0,50.0466918945312,0.709999978542328,5,100,20000,45,45555,0,0,18,28,2021,5,20,10,5,5.74,0.2,5,3,62.83220992,63.78225664,SUBJ-ID-154,MML-Passive-Post-210520-100355,0,1,0,0
100,100,300,1,0,1000,1,50.0466918945312,0,5,100,20000,45,61367,0,0,36,29,2021,5,20,10,5,7.035,0.2,5,3,64.0823296,65.03237632,SUBJ-ID-154,MML-Passive-Post-210520-100355,0,0,1,0
100,100,300,1,0,1000,1,50.0466918945312,0,5,100,20000,45,75166,0,0,36,30,2021,5,20,10,5,8.166,0.2,5,3,65.24174336,66.19179008,SUBJ-ID-154,MML-Passive-Post-210520-100355,0,0,1,0
100,100,300,1,0,1000,1,50.0466918945312,0,5,100,20000,45,89635,0,0,36,31,2021,5,20,10,5,9.351,0.2,5,3,66.37924352,67.32929024,SUBJ-ID-154,MML-Passive-Post-210520-100355,0,0,1,0
100,100,300,1,0,1000,0,50.0466918945312,0.5,5,100,20000,45,104264,0,0,18,32,2021,5,20,10,5,10.549,0.2,5,3,67.56009984,68.51014656,SUBJ-ID-154,MML-Passive-Post-210520-100355,0,1,0,0
100,100,300,1,0,1000,1,50.0466918945312,0,5,100,20000,45,119040,0,0,36,33,2021,5,20,10,5,11.76,0.2,5,3,68.81021952,69.76026624,SUBJ-ID-154,MML-Passive-Post-210520-100355,0,0,1,0
100,100,300,1,0,1000,1,50.0466918945312,0,5,100,20000,45,133592,0,0,36,34,2021,5,20,10,5,12.953,0.2,5,3,69.9682816,70.91832832,SUBJ-ID-154,MML-Passive-Post-210520-100355,0,0,1,0
100,100,300,1,0,1000,1,50.0466918945312,0,5,100,20000,45,147324,0,0,36,35,2021,5,20,10,5,14.078,0.2,5,3,71.1591936,72.10924032,SUBJ-ID-154,MML-Passive-Post-210520-100355,0,0,1,0
100,100,300,1,0,1000,0,50.0466918945312,0.349999994039536,5,100,20000,45,161912,0,0,18,36,2021,5,20,10,5,15.272,0.2,5,3,72.30879744,73.25884416,SUBJ-ID-154,MML-Passive-Post-210520-100355,0,1,0,0
100,100,300,1,0,1000,1,50.0466918945312,0,5,100,20000,45,177645,0,0,36,37,2021,5,20,10,5,16.562,0.2,5,3,73.55891712,74.50896384,SUBJ-ID-154,MML-Passive-Post-210520-100355,0,0,1,0
100,100,300,1,0,1000,1,50.0466918945312,0,5,100,20000,45,191332,0,0,36,38,2021,5,20,10,5,17.682,0.2,5,3,74.7686912,75.71873792,SUBJ-ID-154,MML-Passive-Post-210520-100355,0,0,1,0
100,100,300,1,0,1000,1,50.0466918945312,0,5,100,20000,45,205685,0,0,36,39,2021,5,20,10,5,18.858,0.2,5,3,75.8770688,76.82711552,SUBJ-ID-154,MML-Passive-Post-210520-100355,0,0,1,0
100,100,300,0,0,1000,0,50.0466918945312,0.25,5,100,20000,45,220558,0,0,18,40,2021,5,20,10,5,20.077,0.2,5,3,77.0619392,78.01198592,SUBJ-ID-154,MML-Passive-Post-210520-100355,0,1,0,0
100,100,300,0,0,1000,1,50.0466918945312,0,5,100,20000,45,235029,0,0,36,41,2021,5,20,10,5,21.262,0.2,5,3,78.28865024,79.23869696,SUBJ-ID-154,MML-Passive-Post-210520-100355,0,0,1,0
100,100,300,0,0,1000,1,50.0466918945312,0,5,100,20000,45,248707,0,0,36,42,2021,5,20,10,5,22.383,0.2,5,3,79.45117696,80.40122368,SUBJ-ID-154,MML-Passive-Post-210520-100355,0,0,1,0
100,100,300,0,0,1000,1,50.0466918945312,0,5,100,20000,45,263284,0,0,36,43,2021,5,20,10,5,23.577,0.2,5,3,80.58300416,81.53305088,SUBJ-ID-154,MML-Passive-Post-210520-100355,0,0,1,0
100,100,300,0,0,1000,1,50.0466918945312,0,5,100,20000,45,277734,0,0,36,44,2021,5,20,10,5,24.76,0.2,5,3,81.7809408,82.73098752,SUBJ-ID-154,MML-Passive-Post-210520-100355,0,0,1,0
100,100,300,0,0,1000,1,50.0466918945312,0,5,100,20000,45,291591,0,0,36,45,2021,5,20,10,5,25.895,0.2,5,3,82.96636416,83.91641088,SUBJ-ID-154,MML-Passive-Post-210520-100355,0,0,1,0
100,100,300,0,0,1000,0,50.0466918945312,0.180000007152557,5,100,20000,45,305809,0,0,18,46,2021,5,20,10,5,27.06,0.2,5,3,84.11111424,85.06116096,SUBJ-ID-154,MML-Passive-Post-210520-100355,0,1,0,0
100,100,300,0,0,1000,1,50.0466918945312,0,5,100,20000,45,319382,0,0,36,47,2021,5,20,10,5,28.173,0.2,5,3,85.26608384,86.21613056,SUBJ-ID-154,MML-Passive-Post-210520-100355,0,0,1,0
100,100,300,0,0,1000,1,50.0466918945312,0,5,100,20000,45,333418,0,0,36,48,2021,5,20,10,5,29.322,0.2,5,3,86.38294016,87.33298688,SUBJ-ID-154,MML-Passive-Post-210520-100355,0,0,1,0
100,100,300,0,0,1000,1,50.0466918945312,0,5,100,20000,45,347320,0,0,36,49,2021,5,20,10,5,30.462,0.2,5,3,87.5199488,88.46999552,SUBJ-ID-154,MML-Passive-Post-210520-100355,0,0,1,0
100,100,300,1,0,1000,0,50.0466918945312,0.709999978542328,5,100,20000,45,360778,0,0,18,50,2021,5,20,10,5,31.564,0.2,5,3,88.65472512,89.60477184,SUBJ-ID-154,MML-Passive-Post-210520-100355,0,1,0,0
100,100,300,1,0,1000,1,50.0466918945312,0,5,100,20000,45,10155,0,0,36,51,2021,5,20,10,5,32.871,0.2,5,3,89.9048448,90.85489152,SUBJ-ID-154,MML-Passive-Post-210520-100355,0,0,1,0
100,100,300,1,0,1000,1,50.0466918945312,0,5,100,20000,45,24659,0,0,36,52,2021,5,20,10,5,34.06,0.2,5,3,91.06485248,92.0148992,SUBJ-ID-154,MML-Passive-Post-210520-100355,0,0,1,0
100,100,300,1,0,1000,1,50.0466918945312,0,5,100,20000,45,38305,0,0,36,53,2021,5,20,10,5,35.178,0.2,5,3,92.26401792,93.21406464,SUBJ-ID-154,MML-Passive-Post-210520-100355,0,0,1,0
100,100,300,1,0,1000,1,50.0466918945312,0,5,100,20000,45,52668,0,0,36,54,2021,5,20,10,5,36.354,0.2,5,3,93.37636864,94.32641536,SUBJ-ID-154,MML-Passive-Post-210520-100355,0,0,1,0
100,100,300,1,0,1000,0,50.0466918945312,0.5,5,100,20000,45,66175,0,0,18,55,2021,5,20,10,5,37.462,0.2,5,3,94.5480704,95.49811712,SUBJ-ID-154,MML-Passive-Post-210520-100355,0,1,0,0
100,100,300,1,0,1000,1,50.0466918945312,0,5,100,20000,45,82300,0,0,36,56,2021,5,20,10,5,38.782,0.2,5,3,95.79819008,96.7482368,SUBJ-ID-154,MML-Passive-Post-210520-100355,0,0,1,0
100,100,300,1,0,1000,1,50.0466918945312,0,5,100,20000,45,96894,0,0,36,57,2021,5,20,10,5,39.978,0.2,5,3,96.9807872,97.93083392,SUBJ-ID-154,MML-Passive-Post-210520-100355,0,0,1,0
100,100,300,1,0,1000,1,50.0466918945312,0,5,100,20000,45,111399,0,0,36,58,2021,5,20,10,5,41.166,0.2,5,3,98.18361856,99.13366528,SUBJ-ID-154,MML-Passive-Post-210520-100355,0,0,1,0
100,100,300,1,0,1000,0,50.0466918945312,0.349999994039536,5,100,20000,45,125121,0,0,18,59,2021,5,20,10,5,42.291,0.2,5,3,99.37659904,100.32664576,SUBJ-ID-154,MML-Passive-Post-210520-100355,0,1,0,0
100,100,300,1,0,1000,1,50.0466918945312,0,5,100,20000,45,141040,0,0,36,60,2021,5,20,10,5,43.594,0.2,5,3,100.62671872,101.57676544,SUBJ-ID-154,MML-Passive-Post-210520-100355,0,0,1,0
100,100,300,1,0,1000,1,50.0466918945312,0,5,100,20000,45,155778,0,0,36,61,2021,5,20,10,5,44.802,0.2,5,3,101.82443008,102.7744768,SUBJ-ID-154,MML-Passive-Post-210520-100355,0,0,1,0
100,100,300,1,0,1000,1,50.0466918945312,0,5,100,20000,45,170204,0,0,36,62,2021,5,20,10,5,45.983,0.2,5,3,103.00977152,103.95981824,SUBJ-ID-154,MML-Passive-Post-210520-100355,0,0,1,0
100,100,300,1,0,1000,1,50.0466918945312,0,5,100,20000,45,183827,0,0,36,63,2021,5,20,10,5,47.1,0.2,5,3,104.19083264,105.14087936,SUBJ-ID-154,MML-Passive-Post-210520-100355,0,0,1,0
100,100,300,0,0,1000,0,50.0466918945312,0.25,5,100,20000,45,198538,0,0,18,64,2021,5,20,10,5,48.305,0.2,5,3,105.29419264,106.24423936,SUBJ-ID-154,MML-Passive-Post-210520-100355,0,1,0,0
100,100,300,0,0,1000,1,50.0466918945312,0,5,100,20000,45,212885,0,0,36,65,2021,5,20,10,5,49.48,0.2,5,3,106.5353216,107.48536832,SUBJ-ID-154,MML-Passive-Post-210520-100355,0,0,1,0
100,100,300,0,0,1000,1,50.0466918945312,0,5,100,20000,45,226642,0,0,36,66,2021,5,20,10,5,50.607,0.2,5,3,107.6738048,108.62385152,SUBJ-ID-154,MML-Passive-Post-210520-100355,0,0,1,0
100,100,300,0,0,1000,1,50.0466918945312,0,5,100,20000,45,240983,0,0,36,67,2021,5,20,10,5,51.783,0.2,5,3,108.8239616,109.77400832,SUBJ-ID-154,MML-Passive-Post-210520-100355,0,0,1,0
100,100,300,0,0,1000,1,50.0466918945312,0,5,100,20000,45,254584,0,0,36,68,2021,5,20,10,5,52.896,0.2,5,3,109.9846656,110.93471232,SUBJ-ID-154,MML-Passive-Post-210520-100355,0,0,1,0
100,100,300,0,0,1000,0,50.0466918945312,0.180000007152557,5,100,20000,45,269187,0,0,18,69,2021,5,20,10,5,54.093,0.2,5,3,111.1390208,112.08906752,SUBJ-ID-154,MML-Passive-Post-210520-100355,0,1,0,0
100,100,300,0,0,1000,1,50.0466918945312,0,5,100,20000,45,283632,0,0,36,70,2021,5,20,10,5,55.275,0.2,5,3,112.30507008,113.2551168,SUBJ-ID-154,MML-Passive-Post-210520-100355,0,0,1,0
100,100,300,0,0,1000,1,50.0466918945312,0,5,100,20000,45,297500,0,0,36,71,2021,5,20,10,5,56.411,0.2,5,3,113.48269056,114.43273728,SUBJ-ID-154,MML-Passive-Post-210520-100355,0,0,1,0
100,100,300,0,0,1000,1,50.0466918945312,0,5,100,20000,45,311820,0,0,36,72,2021,5,20,10,5,57.585,0.2,5,3,114.62459392,115.57464064,SUBJ-ID-154,MML-Passive-Post-210520-100355,0,0,1,0
100,100,300,1,0,1000,0,50.0466918945312,0.709999978542328,5,100,20000,45,326553,0,0,18,73,2021,5,20,10,5,58.791,0.2,5,3,115.79817984,116.74822656,SUBJ-ID-154,MML-Passive-Post-210520-100355,0,1,0,0
100,100,300,1,0,1000,1,50.0466918945312,0,5,100,20000,45,341828,0,0,36,74,2021,5,20,10,6,0.044,0.2,5,3,117.04829952,117.99834624,SUBJ-ID-154,MML-Passive-Post-210520-100355,0,0,1,0
100,100,300,1,0,1000,1,50.0466918945312,0,5,100,20000,45,355872,0,0,36,75,2021,5,20,10,6,1.194,0.2,5,3,118.24746496,119.19751168,SUBJ-ID-154,MML-Passive-Post-210520-100355,0,0,1,0
100,100,300,1,0,1000,1,50.0466918945312,0,5,100,20000,45,3807,0,0,36,76,2021,5,20,10,6,2.383,0.2,5,3,119.40470784,120.35475456,SUBJ-ID-154,MML-Passive-Post-210520-100355,0,0,1,0
100,100,300,1,0,1000,0,50.0466918945312,0.5,5,100,20000,45,17584,0,0,18,77,2021,5,20,10,6,3.512,0.2,5,3,120.58034176,121.53038848,SUBJ-ID-154,MML-Passive-Post-210520-100355,0,1,0,0
100,100,300,1,0,1000,1,50.0466918945312,0,5,100,20000,45,33240,0,0,36,78,2021,5,20,10,6,4.795,0.2,5,3,121.83046144,122.78050816,SUBJ-ID-154,MML-Passive-Post-210520-100355,0,0,1,0
100,100,300,1,0,1000,1,50.0466918945312,0,5,100,20000,45,46874,0,0,36,79,2021,5,20,10,6,5.912,0.2,5,3,122.996736,123.94678272,SUBJ-ID-154,MML-Passive-Post-210520-100355,0,0,1,0
100,100,300,1,0,1000,1,50.0466918945312,0,5,100,20000,45,61389,0,0,36,80,2021,5,20,10,6,7.101,0.2,5,3,124.10724352,125.05729024,SUBJ-ID-154,MML-Passive-Post-210520-100355,0,0,1,0
100,100,300,1,0,1000,1,50.0466918945312,0,5,100,20000,45,75098,0,0,36,81,2021,5,20,10,6,8.224,0.2,5,3,125.29444864,126.24449536,SUBJ-ID-154,MML-Passive-Post-210520-100355,0,0,1,0
100,100,300,1,0,1000,0,50.0466918945312,0.349999994039536,5,100,20000,45,89719,0,0,18,82,2021,5,20,10,6,9.422,0.2,5,3,126.44366336,127.39371008,SUBJ-ID-154,MML-Passive-Post-210520-100355,0,1,0,0
100,100,300,1,0,1000,1,50.0466918945312,0,5,100,20000,45,104284,0,0,36,83,2021,5,20,10,6,10.615,0.2,5,3,127.69378304,128.64382976,SUBJ-ID-154,MML-Passive-Post-210520-100355,0,0,1,0
100,100,300,1,0,1000,1,50.0466918945312,0,5,100,20000,45,118725,0,0,36,84,2021,5,20,10,6,11.798,0.2,5,3,128.81242112,129.76246784,SUBJ-ID-154,MML-Passive-Post-210520-100355,0,0,1,0
100,100,300,1,0,1000,1,50.0466918945312,0,5,100,20000,45,132333,0,0,36,85,2021,5,20,10,6,12.913,0.2,5,3,129.9961856,130.94623232,SUBJ-ID-154,MML-Passive-Post-210520-100355,0,0,1,0
100,100,300,1,0,1000,1,50.0466918945312,0,5,100,20000,45,146750,0,0,36,86,2021,5,20,10,6,14.094,0.2,5,3,131.11175168,132.0617984,SUBJ-ID-154,MML-Passive-Post-210520-100355,0,0,1,0
100,100,300,0,0,1000,0,50.0466918945312,0.25,5,100,20000,45,160376,0,0,18,87,2021,5,20,10,6,15.211,0.2,5,3,132.30092288,133.2509696,SUBJ-ID-154,MML-Passive-Post-210520-100355,0,1,0,0
100,100,300,0,0,1000,1,50.0466918945312,0,5,100,20000,45,174947,0,0,36,88,2021,5,20,10,6,16.404,0.2,5,3,133.40448768,134.3545344,SUBJ-ID-154,MML-Passive-Post-210520-100355,0,0,1,0
100,100,300,0,0,1000,1,50.0466918945312,0,5,100,20000,45,189536,0,0,36,89,2021,5,20,10,6,17.599,0.2,5,3,134.65192448,135.6019712,SUBJ-ID-154,MML-Passive-Post-210520-100355,0,0,1,0
100,100,300,0,0,1000,1,50.0466918945312,0,5,100,20000,45,203325,0,0,36,90,2021,5,20,10,6,18.728,0.2,5,3,135.7971456,136.74719232,SUBJ-ID-154,MML-Passive-Post-210520-100355,0,0,1,0
100,100,300,0,0,1000,1,50.0466918945312,0,5,100,20000,45,217474,0,0,36,91,2021,5,20,10,6,19.888,0.2,5,3,136.93493248,137.8849792,SUBJ-ID-154,MML-Passive-Post-210520-100355,0,0,1,0
100,100,300,0,0,1000,0,50.0466918945312,0.180000007152557,5,100,20000,45,232255,0,0,18,92,2021,5,20,10,6,21.099,0.2,5,3,138.09260544,139.04265216,SUBJ-ID-154,MML-Passive-Post-210520-100355,0,1,0,0
100,100,300,0,0,1000,1,50.0466918945312,0,5,100,20000,45,245986,0,0,36,93,2021,5,20,10,6,22.223,0.2,5,3,139.30227712,140.25232384,SUBJ-ID-154,MML-Passive-Post-210520-100355,0,0,1,0
100,100,300,0,0,1000,1,50.0466918945312,0,5,100,20000,45,260219,0,0,36,94,2021,5,20,10,6,23.39,0.2,5,3,140.43758592,141.38763264,SUBJ-ID-154,MML-Passive-Post-210520-100355,0,0,1,0
100,100,300,0,0,1000,1,50.0466918945312,0,5,100,20000,45,273839,0,0,36,95,2021,5,20,10,6,24.506,0.2,5,3,141.59147008,142.5415168,SUBJ-ID-154,MML-Passive-Post-210520-100355,0,0,1,0
100,100,300,0,0,1000,1,50.0466918945312,0,5,100,20000,45,287462,0,0,36,96,2021,5,20,10,6,25.622,0.2,5,3,142.7105792,143.66062592,SUBJ-ID-154,MML-Passive-Post-210520-100355,0,0,1,0
100,100,300,1,0,1000,0,50.0466918945312,0.709999978542328,5,100,20000,45,301571,0,0,18,97,2021,5,20,10,6,26.777,0.2,5,3,143.84390144,144.79394816,SUBJ-ID-154,MML-Passive-Post-210520-100355,0,1,0,0
100,100,300,1,0,1000,1,50.0466918945312,0,5,100,20000,45,316822,0,0,36,98,2021,5,20,10,6,28.026,0.2,5,3,145.09402112,146.04406784,SUBJ-ID-154,MML-Passive-Post-210520-100355,0,0,1,0
100,100,300,1,0,1000,1,50.0466918945312,0,5,100,20000,45,331294,0,0,36,99,2021,5,20,10,6,29.212,0.2,5,3,146.25112064,147.20116736,SUBJ-ID-154,MML-Passive-Post-210520-100355,0,0,1,0
100,100,300,1,0,1000,1,50.0466918945312,0,5,100,20000,45,345647,0,0,36,100,2021,5,20,10,6,30.388,0.2,5,3,147.40891648,148.3589632,SUBJ-ID-154,MML-Passive-Post-210520-100355,0,0,1,0
100,100,300,1,0,1000,1,50.0466918945312,0,5,100,20000,45,359289,0,0,36,101,2021,5,20,10,6,31.506,0.2,5,3,148.59030528,149.540352,SUBJ-ID-154,MML-Passive-Post-210520-100355,0,0,1,0
100,100,300,1,0,1000,0,50.0466918945312,0.5,5,100,20000,45,7168,0,0,18,102,2021,5,20,10,6,32.691,0.2,5,3,149.7376768,150.68772352,SUBJ-ID-154,MML-Passive-Post-210520-100355,0,1,0,0
100,100,300,1,0,1000,1,50.0466918945312,0,5,100,20000,45,22258,0,0,36,103,2021,5,20,10,6,33.928,0.2,5,3,150.98779648,151.9378432,SUBJ-ID-154,MML-Passive-Post-210520-100355,0,0,1,0
100,100,300,1,0,1000,1,50.0466918945312,0,5,100,20000,45,36673,0,0,36,104,2021,5,20,10,6,35.108,0.2,5,3,152.13778944,153.08783616,SUBJ-ID-154,MML-Passive-Post-210520-100355,0,0,1,0
100,100,300,1,0,1000,1,50.0466918945312,0,5,100,20000,45,50266,0,0,36,105,2021,5,20,10,6,36.222,0.2,5,3,153.31715072,154.26719744,SUBJ-ID-154,MML-Passive-Post-210520-100355,0,0,1,0
100,100,300,1,0,1000,1,50.0466918945312,0,5,100,20000,45,64895,0,0,36,106,2021,5,20,10,6,37.42,0.2,5,3,154.43412992,155.38417664,SUBJ-ID-154,MML-Passive-Post-210520-100355,0,0,1,0
100,100,300,1,0,1000,0,50.0466918945312,0.349999994039536,5,100,20000,45,79373,0,0,18,107,2021,5,20,10,6,38.606,0.2,5,3,155.6472832,156.59732992,SUBJ-ID-154,MML-Passive-Post-210520-100355,0,1,0,0
100,100,300,1,0,1000,1,50.0466918945312,0,5,100,20000,45,94218,0,0,36,108,2021,5,20,10,6,39.823,0.2,5,3,156.89740288,157.8474496,SUBJ-ID-154,MML-Passive-Post-210520-100355,0,0,1,0
100,100,300,1,0,1000,1,50.0466918945312,0,5,100,20000,45,108839,0,0,36,109,2021,5,20,10,6,41.021,0.2,5,3,158.05679616,159.00684288,SUBJ-ID-154,MML-Passive-Post-210520-100355,0,0,1,0
100,100,300,1,0,1000,1,50.0466918945312,0,5,100,20000,45,123310,0,0,36,110,2021,5,20,10,6,42.206,0.2,5,3,159.21850368,160.1685504,SUBJ-ID-154,MML-Passive-Post-210520-100355,0,0,1,0
100,100,300,1,0,1000,1,50.0466918945312,0,5,100,20000,45,136917,0,0,36,111,2021,5,20,10,6,43.32,0.2,5,3,160.40228864,161.35233536,SUBJ-ID-154,MML-Passive-Post-210520-100355,0,0,1,0
100,100,300,0,0,1000,0,50.0466918945312,0.25,5,100,20000,45,151324,0,0,18,112,2021,5,20,10,6,44.501,0.2,5,3,161.52088576,162.47093248,SUBJ-ID-154,MML-Passive-Post-210520-100355,0,1,0,0
100,100,300,0,0,1000,1,50.0466918945312,0,5,100,20000,45,165244,0,0,36,113,2021,5,20,10,6,45.641,0.2,5,3,162.70702592,163.65707264,SUBJ-ID-154,MML-Passive-Post-210520-100355,0,0,1,0
100,100,300,0,0,1000,1,50.0466918945312,0,5,100,20000,45,179478,0,0,36,114,2021,5,20,10,6,46.807,0.2,5,3,163.8575104,164.80755712,SUBJ-ID-154,MML-Passive-Post-210520-100355,0,0,1,0
100,100,300,0,0,1000,1,50.0466918945312,0,5,100,20000,45,194019,0,0,36,115,2021,5,20,10,6,47.999,0.2,5,3,165.01594112,165.96598784,SUBJ-ID-154,MML-Passive-Post-210520-100355,0,0,1,0
100,100,300,0,0,1000,1,50.0466918945312,0,5,100,20000,45,207904,0,0,36,116,2021,5,20,10,6,49.136,0.2,5,3,166.20032,167.15036672,SUBJ-ID-154,MML-Passive-Post-210520-100355,0,0,1,0
100,100,300,0,0,1000,0,50.0466918945312,0.180000007152557,5,100,20000,45,222169,0,0,18,117,2021,5,20,10,6,50.305,0.2,5,3,167.37216512,168.32221184,SUBJ-ID-154,MML-Passive-Post-210520-100355,0,1,0,0
100,100,300,0,0,1000,1,50.0466918945312,0,5,100,20000,45,236735,0,0,36,118,2021,5,20,10,6,51.498,0.2,5,3,168.51736576,169.46741248,SUBJ-ID-154,MML-Passive-Post-210520-100355,0,0,1,0
100,100,300,0,0,1000,1,50.0466918945312,0,5,100,20000,45,250348,0,0,36,119,2021,5,20,10,6,52.613,0.2,5,3,169.70121216,170.65125888,SUBJ-ID-154,MML-Passive-Post-210520-100355,0,0,1,0
100,100,300,0,0,1000,1,50.0466918945312,0,5,100,20000,45,265078,0,0,36,120,2021,5,20,10,6,53.82,0.2,5,3,170.84100608,171.7910528,SUBJ-ID-154,MML-Passive-Post-210520-100355,0,0,1,0
100,100,300,0,0,1000,1,50.0466918945312,0,5,100,20000,45,279411,0,0,36,121,2021,5,20,10,6,54.993,0.2,5,3,172.0173568,172.96740352,SUBJ-ID-154,MML-Passive-Post-210520-100355,0,0,1,0
100,100,300,1,0,1000,0,50.0466918945312,0.709999978542328,5,100,20000,45,293214,0,0,18,122,2021,5,20,10,6,56.124,0.2,5,3,173.199872,174.14991872,SUBJ-ID-154,MML-Passive-Post-210520-100355,0,1,0,0
100,100,300,1,0,1000,1,50.0466918945312,0,5,100,20000,45,308818,0,0,36,123,2021,5,20,10,6,57.403,0.2,5,3,174.44999168,175.4000384,SUBJ-ID-154,MML-Passive-Post-210520-100355,0,0,1,0
100,100,300,1,0,1000,1,50.0466918945312,0,5,100,20000,45,322640,0,0,36,124,2021,5,20,10,6,58.535,0.2,5,3,175.6109824,176.56102912,SUBJ-ID-154,MML-Passive-Post-210520-100355,0,0,1,0
100,100,300,1,0,1000,1,50.0466918945312,0,5,100,20000,45,337046,0,0,36,125,2021,5,20,10,6,59.715,0.2,5,3,176.75204608,177.7020928,SUBJ-ID-154,MML-Passive-Post-210520-100355,0,0,1,0
100,100,300,1,0,1000,1,50.0466918945312,0,5,100,20000,45,351663,0,0,36,126,2021,5,20,10,7,0.913,0.2,5,3,177.9613696,178.91141632,SUBJ-ID-154,MML-Passive-Post-210520-100355,0,0,1,0
100,100,300,1,0,1000,1,50.0466918945312,0,5,100,20000,45,366331,0,0,36,127,2021,5,20,10,7,2.114,0.2,5,3,179.12561664,180.07566336,SUBJ-ID-154,MML-Passive-Post-210520-100355,0,0,1,0
100,100,300,1,0,1000,0,50.0466918945312,0.5,5,100,20000,45,14424,0,0,18,128,2021,5,20,10,7,3.317,0.2,5,3,180.32764928,181.277696,SUBJ-ID-154,MML-Passive-Post-210520-100355,0,1,0,0
100,100,300,1,0,1000,1,50.0466918945312,0,5,100,20000,45,29103,0,0,36,129,2021,5,20,10,7,4.52,0.2,5,3,181.57776896,182.52781568,SUBJ-ID-154,MML-Passive-Post-210520-100355,0,0,1,0
100,100,300,1,0,1000,1,50.0466918945312,0,5,100,20000,45,43846,0,0,36,130,2021,5,20,10,7,5.728,0.2,5,3,182.73355776,183.68360448,SUBJ-ID-154,MML-Passive-Post-210520-100355,0,0,1,0
100,100,300,1,0,1000,1,50.0466918945312,0,5,100,20000,45,58326,0,0,36,131,2021,5,20,10,7,6.914,0.2,5,3,183.93659392,184.88664064,SUBJ-ID-154,MML-Passive-Post-210520-100355,0,0,1,0
100,100,300,1,0,1000,1,50.0466918945312,0,5,100,20000,45,72068,0,0,36,132,2021,5,20,10,7,8.04,0.2,5,3,185.12521216,186.07525888,SUBJ-ID-154,MML-Passive-Post-210520-100355,0,0,1,0
100,100,300,1,0,1000,0,50.0466918945312,0.349999994039536,5,100,20000,45,86704,0,0,18,133,2021,5,20,10,7,9.239,0.2,5,3,186.26277376,187.21282048,SUBJ-ID-154,MML-Passive-Post-210520-100355,0,1,0,0
100,100,300,1,0,1000,1,50.0466918945312,0,5,100,20000,45,102528,0,0,36,134,2021,5,20,10,7,10.535,0.2,5,3,187.51289344,188.46294016,SUBJ-ID-154,MML-Passive-Post-210520-100355,0,0,1,0
100,100,300,1,0,1000,1,50.0466918945312,0,5,100,20000,45,117407,0,0,36,135,2021,5,20,10,7,11.754,0.2,5,3,188.791808,189.74185472,SUBJ-ID-154,MML-Passive-Post-210520-100355,0,0,1,0
100,100,300,1,0,1000,1,50.0466918945312,0,5,100,20000,45,131945,0,0,36,136,2021,5,20,10,7,12.945,0.2,5,3,189.9848704,190.93491712,SUBJ-ID-154,MML-Passive-Post-210520-100355,0,0,1,0
100,100,300,0,0,1000,0,50.0466918945312,0.25,5,100,20000,45,145504,0,0,18,137,2021,5,20,10,7,14.056,0.2,5,3,191.13728,192.08732672,SUBJ-ID-154,MML-Passive-Post-210520-100355,0,1,0,0
100,100,300,0,0,1000,1,50.0466918945312,0,5,100,20000,45,160201,0,0,36,138,2021,5,20,10,7,15.26,0.2,5,3,192.28014592,193.23019264,SUBJ-ID-154,MML-Passive-Post-210520-100355,0,0,1,0
100,100,300,0,0,1000,1,50.0466918945312,0,5,100,20000,45,174482,0,0,36,139,2021,5,20,10,7,16.429,0.2,5,3,193.486336,194.43638272,SUBJ-ID-154,MML-Passive-Post-210520-100355,0,0,1,0
100,100,300,0,0,1000,1,50.0466918945312,0,5,100,20000,45,188247,0,0,36,140,2021,5,20,10,7,17.557,0.2,5,3,194.6228736,195.57292032,SUBJ-ID-154,MML-Passive-Post-210520-100355,0,0,1,0
100,100,300,0,0,1000,0,50.0466918945312,0.180000007152557,5,100,20000,45,202525,0,0,18,141,2021,5,20,10,7,18.727,0.2,5,3,195.7820416,196.73208832,SUBJ-ID-154,MML-Passive-Post-210520-100355,0,1,0,0
100,100,300,0,0,1000,1,50.0466918945312,0,5,100,20000,45,216218,0,0,36,142,2021,5,20,10,7,19.849,0.2,5,3,196.92101632,197.87106304,SUBJ-ID-154,MML-Passive-Post-210520-100355,0,0,1,0
100,100,300,0,0,1000,1,50.0466918945312,0,5,100,20000,45,230634,0,0,36,143,2021,5,20,10,7,21.031,0.2,5,3,198.04512256,198.99516928,SUBJ-ID-154,MML-Passive-Post-210520-100355,0,0,1,0
100,100,300,0,0,1000,1,50.0466918945312,0,5,100,20000,45,244287,0,0,36,144,2021,5,20,10,7,22.148,0.2,5,3,199.23613696,200.18618368,SUBJ-ID-154,MML-Passive-Post-210520-100355,0,0,1,0
100,100,300,0,0,1000,1,50.0466918945312,0,5,100,20000,45,258668,0,0,36,145,2021,5,20,10,7,23.326,0.2,5,3,200.33789952,201.28794624,SUBJ-ID-154,MML-Passive-Post-210520-100355,0,0,1,0
100,100,300,1,0,1000,0,50.0466918945312,0.709999978542328,5,100,20000,45,272528,0,0,18,146,2021,5,20,10,7,24.462,0.2,5,3,201.54109952,202.49114624,SUBJ-ID-154,MML-Passive-Post-210520-100355,0,1,0,0
100,100,300,1,0,1000,1,50.0466918945312,0,5,100,20000,45,288262,0,0,36,147,2021,5,20,10,7,25.752,0.2,5,3,202.7912192,203.74126592,SUBJ-ID-154,MML-Passive-Post-210520-100355,0,0,1,0
100,100,300,1,0,1000,1,50.0466918945312,0,5,100,20000,45,302722,0,0,36,148,2021,5,20,10,7,26.935,0.2,5,3,203.95329536,204.90334208,SUBJ-ID-154,MML-Passive-Post-210520-100355,0,0,1,0
100,100,300,1,0,1000,1,50.0466918945312,0,5,100,20000,45,317414,0,0,36,149,2021,5,20,10,7,28.139,0.2,5,3,205.13714176,206.08718848,SUBJ-ID-154,MML-Passive-Post-210520-100355,0,0,1,0
100,100,300,1,0,1000,0,50.0466918945312,0.5,5,100,20000,45,331321,0,0,18,150,2021,5,20,10,7,29.278,0.2,5,3,206.3378432,207.28788992,SUBJ-ID-154,MML-Passive-Post-210520-100355,0,1,0,0
100,100,300,1,0,1000,1,50.0466918945312,0,5,100,20000,45,347120,0,0,36,151,2021,5,20,10,7,30.572,0.2,5,3,207.58796288,208.5380096,SUBJ-ID-154,MML-Passive-Post-210520-100355,0,0,1,0
100,100,300,1,0,1000,1,50.0466918945312,0,5,100,20000,45,361517,0,0,36,152,2021,5,20,10,7,31.752,0.2,5,3,208.8034304,209.75347712,SUBJ-ID-154,MML-Passive-Post-210520-100355,0,0,1,0
100,100,300,1,0,1000,1,50.0466918945312,0,5,100,20000,45,9664,0,0,36,153,2021,5,20,10,7,32.96,0.2,5,3,209.97197824,210.92202496,SUBJ-ID-154,MML-Passive-Post-210520-100355,0,0,1,0
100,100,300,1,0,1000,0,50.0466918945312,0.349999994039536,5,100,20000,45,24369,0,0,18,154,2021,5,20,10,7,34.165,0.2,5,3,211.16758016,212.11762688,SUBJ-ID-154,MML-Passive-Post-210520-100355,0,1,0,0
100,100,300,1,0,1000,1,50.0466918945312,0,5,100,20000,45,39148,0,0,36,155,2021,5,20,10,7,35.375,0.2,5,3,212.41769984,213.36774656,SUBJ-ID-154,MML-Passive-Post-210520-100355,0,0,1,0
100,100,300,1,0,1000,1,50.0466918945312,0,5,100,20000,45,53886,0,0,36,156,2021,5,20,10,7,36.582,0.2,5,3,213.57903872,214.52908544,SUBJ-ID-154,MML-Passive-Post-210520-100355,0,0,1,0
100,100,300,1,0,1000,1,50.0466918945312,0,5,100,20000,45,68338,0,0,36,157,2021,5,20,10,7,37.767,0.2,5,3,214.80947712,215.75952384,SUBJ-ID-154,MML-Passive-Post-210520-100355,0,0,1,0
100,100,300,1,0,1000,1,50.0466918945312,0,5,100,20000,45,81855,0,0,36,158,2021,5,20,10,7,38.873,0.2,5,3,215.96266496,216.91271168,SUBJ-ID-154,MML-Passive-Post-210520-100355,0,0,1,0
100,100,300,1,0,1000,1,50.0466918945312,0,5,100,20000,45,96486,0,0,36,159,2021,5,20,10,7,40.073,0.2,5,3,217.079808,218.02985472,SUBJ-ID-154,MML-Passive-Post-210520-100355,0,0,1,0
100,100,300,0,0,1000,0,50.0466918945312,0.25,5,100,20000,45,110081,0,0,18,160,2021,5,20,10,7,41.185,0.2,5,3,218.27653632,219.22658304,SUBJ-ID-154,MML-Passive-Post-210520-100355,0,1,0,0
100,100,300,0,0,1000,1,50.0466918945312,0,5,100,20000,45,124409,0,0,36,161,2021,5,20,10,7,42.36,0.2,5,3,219.40832256,220.35836928,SUBJ-ID-154,MML-Passive-Post-210520-100355,0,0,1,0
100,100,300,0,0,1000,1,50.0466918945312,0,5,100,20000,45,139205,0,0,36,162,2021,5,20,10,7,43.571,0.2,5,3,220.57197568,221.5220224,SUBJ-ID-154,MML-Passive-Post-210520-100355,0,0,1,0
100,100,300,0,0,1000,1,50.0466918945312,0,5,100,20000,45,153679,0,0,36,163,2021,5,20,10,7,44.757,0.2,5,3,221.7865216,222.73656832,SUBJ-ID-154,MML-Passive-Post-210520-100355,0,0,1,0
100,100,300,0,0,1000,1,50.0466918945312,0,5,100,20000,45,167594,0,0,36,164,2021,5,20,10,7,45.897,0.2,5,3,222.96752128,223.917568,SUBJ-ID-154,MML-Passive-Post-210520-100355,0,0,1,0
100,100,300,0,0,1000,1,50.0466918945312,0,5,100,20000,45,181329,0,0,36,165,2021,5,20,10,7,47.023,0.2,5,3,224.10622976,225.05627648,SUBJ-ID-154,MML-Passive-Post-210520-100355,0,0,1,0
100,100,300,0,0,1000,0,50.0466918945312,0.180000007152557,5,100,20000,45,195421,0,0,18,166,2021,5,20,10,7,48.177,0.2,5,3,225.23793408,226.1879808,SUBJ-ID-154,MML-Passive-Post-210520-100355,0,1,0,0
100,100,300,0,0,1000,1,50.0466918945312,0,5,100,20000,45,209875,0,0,36,167,2021,5,20,10,7,49.361,0.2,5,3,226.37832192,227.32836864,SUBJ-ID-154,MML-Passive-Post-210520-100355,0,0,1,0
100,100,300,0,0,1000,1,50.0466918945312,0,5,100,20000,45,223501,0,0,36,168,2021,5,20,10,7,50.477,0.2,5,3,227.57148672,228.52153344,SUBJ-ID-154,MML-Passive-Post-210520-100355,0,0,1,0
100,100,300,0,0,1000,1,50.0466918945312,0,5,100,20000,45,238026,0,0,36,169,2021,5,20,10,7,51.667,0.2,5,3,228.70288384,229.65293056,SUBJ-ID-154,MML-Passive-Post-210520-100355,0,0,1,0
100,100,300,0,0,1000,1,50.0466918945312,0,5,100,20000,45,252622,0,0,36,170,2021,5,20,10,7,52.863,0.2,5,3,229.91437824,230.86442496,SUBJ-ID-154,MML-Passive-Post-210520-100355,0,0,1,0
100,100,300,1,0,1000,0,50.0466918945312,0.709999978542328,5,100,20000,45,266203,0,0,18,171,2021,5,20,10,7,53.976,0.2,5,3,231.0612992,232.01134592,SUBJ-ID-154,MML-Passive-Post-210520-100355,0,1,0,0
100,100,300,1,0,1000,1,50.0466918945312,0,5,100,20000,45,281880,0,0,36,172,2021,5,20,10,7,55.261,0.2,5,3,232.31141888,233.2614656,SUBJ-ID-154,MML-Passive-Post-210520-100355,0,0,1,0
100,100,300,1,0,1000,1,50.0466918945312,0,5,100,20000,45,296679,0,0,36,173,2021,5,20,10,7,56.472,0.2,5,3,233.46395136,234.41399808,SUBJ-ID-154,MML-Passive-Post-210520-100355,0,0,1,0
100,100,300,1,0,1000,1,50.0466918945312,0,5,100,20000,45,311262,0,0,36,174,2021,5,20,10,7,57.667,0.2,5,3,234.67718656,235.62723328,SUBJ-ID-154,MML-Passive-Post-210520-100355,0,0,1,0
100,100,300,1,0,1000,1,50.0466918945312,0,5,100,20000,45,325975,0,0,36,175,2021,5,20,10,7,58.872,0.2,5,3,235.87262464,236.82267136,SUBJ-ID-154,MML-Passive-Post-210520-100355,0,0,1,0
100,100,300,1,0,1000,0,50.0466918945312,0.5,5,100,20000,45,340751,0,0,18,176,2021,5,20,10,8,0.083,0.2,5,3,237.07764736,238.02769408,SUBJ-ID-154,MML-Passive-Post-210520-100355,0,1,0,0
100,100,300,1,0,1000,1,50.0466918945312,0,5,100,20000,45,355802,0,0,36,177,2021,5,20,10,8,1.315,0.2,5,3,238.32776704,239.27781376,SUBJ-ID-154,MML-Passive-Post-210520-100355,0,0,1,0
100,100,300,1,0,1000,1,50.0466918945312,0,5,100,20000,45,3564,0,0,36,178,2021,5,20,10,8,2.491,0.2,5,3,239.52816128,240.478208,SUBJ-ID-154,MML-Passive-Post-210520-100355,0,0,1,0
100,100,300,1,0,1000,1,50.0466918945312,0,5,100,20000,45,17321,0,0,36,179,2021,5,20,10,8,3.619,0.2,5,3,240.69586944,241.64591616,SUBJ-ID-154,MML-Passive-Post-210520-100355,0,0,1,0
100,100,300,1,0,1000,1,50.0466918945312,0,5,100,20000,45,31704,0,0,36,180,2021,5,20,10,8,4.798,0.2,5,3,241.86456064,242.81460736,SUBJ-ID-154,MML-Passive-Post-210520-100355,0,0,1,0
100,100,300,1,0,1000,0,50.0466918945312,0.349999994039536,5,100,20000,45,46257,0,0,18,181,2021,5,20,10,8,5.989,0.2,5,3,243.03355904,243.98360576,SUBJ-ID-154,MML-Passive-Post-210520-100355,0,1,0,0
100,100,300,1,0,1000,1,50.0466918945312,0,5,100,20000,45,61050,0,0,36,182,2021,5,20,10,8,7.201,0.2,5,3,244.28367872,245.23372544,SUBJ-ID-154,MML-Passive-Post-210520-100355,0,0,1,0
100,100,300,1,0,1000,1,50.0466918945312,0,5,100,20000,45,75648,0,0,36,183,2021,5,20,10,8,8.397,0.2,5,3,245.4028288,246.35287552,SUBJ-ID-154,MML-Passive-Post-210520-100355,0,0,1,0
100,100,300,1,0,1000,1,50.0466918945312,0,5,100,20000,45,89276,0,0,36,184,2021,5,20,10,8,9.513,0.2,5,3,246.60553728,247.555584,SUBJ-ID-154,MML-Passive-Post-210520-100355,0,0,1,0
100,100,300,1,0,1000,1,50.0466918945312,0,5,100,20000,45,103621,0,0,36,185,2021,5,20,10,8,10.689,0.2,5,3,247.7372416,248.68728832,SUBJ-ID-154,MML-Passive-Post-210520-100355,0,0,1,0
100,100,300,0,0,1000,0,50.0466918945312,0.25,5,100,20000,45,118518,0,0,18,186,2021,5,20,10,8,11.909,0.2,5,3,248.90411008,249.8541568,SUBJ-ID-154,MML-Passive-Post-210520-100355,0,1,0,0
100,100,300,0,0,1000,1,50.0466918945312,0,5,100,20000,45,133142,0,0,36,187,2021,5,20,10,8,13.107,0.2,5,3,250.1348352,251.08488192,SUBJ-ID-154,MML-Passive-Post-210520-100355,0,0,1,0
100,100,300,0,0,1000,1,50.0466918945312,0,5,100,20000,45,147599,0,0,36,188,2021,5,20,10,8,14.291,0.2,5,3,251.3089536,252.25900032,SUBJ-ID-154,MML-Passive-Post-210520-100355,0,0,1,0
100,100,300,0,0,1000,1,50.0466918945312,0,5,100,20000,45,161446,0,0,36,189,2021,5,20,10,8,15.426,0.2,5,3,252.49390592,253.44395264,SUBJ-ID-154,MML-Passive-Post-210520-100355,0,0,1,0
100,100,300,0,0,1000,0,50.0466918945312,0.180000007152557,5,100,20000,45,175688,0,0,18,190,2021,5,20,10,8,16.592,0.2,5,3,253.63740672,254.58745344,SUBJ-ID-154,MML-Passive-Post-210520-100355,0,1,0,0
100,100,300,0,0,1000,1,50.0466918945312,0,5,100,20000,45,189246,0,0,36,191,2021,5,20,10,8,17.703,0.2,5,3,254.79063552,255.74068224,SUBJ-ID-154,MML-Passive-Post-210520-100355,0,0,1,0
100,100,300,0,0,1000,1,50.0466918945312,0,5,100,20000,45,203664,0,0,36,192,2021,5,20,10,8,18.884,0.2,5,3,255.90177792,256.85182464,SUBJ-ID-154,MML-Passive-Post-210520-100355,0,0,1,0
100,100,300,0,0,1000,1,50.0466918945312,0,5,100,20000,45,217402,0,0,36,193,2021,5,20,10,8,20.01,0.2,5,3,257.09543424,258.04548096,SUBJ-ID-154,MML-Passive-Post-210520-100355,0,0,1,0
100,100,300,0,0,1000,1,50.0466918945312,0,5,100,20000,45,231910,0,0,36,194,2021,5,20,10,8,21.198,0.2,5,3,258.23606784,259.18611456,SUBJ-ID-154,MML-Passive-Post-210520-100355,0,0,1,0
100,100,300,1,0,1000,0,50.0466918945312,0.709999978542328,5,100,20000,45,246551,0,0,18,195,2021,5,20,10,8,22.398,0.2,5,3,259.39990528,260.349952,SUBJ-ID-154,MML-Passive-Post-210520-100355,0,1,0,0
100,100,300,1,0,1000,1,50.0466918945312,0,5,100,20000,45,261400,0,0,36,196,2021,5,20,10,8,23.614,0.2,5,3,260.65002496,261.60007168,SUBJ-ID-154,MML-Passive-Post-210520-100355,0,0,1,0
100,100,300,1,0,1000,1,50.0466918945312,0,5,100,20000,45,275981,0,0,36,197,2021,5,20,10,8,24.808,0.2,5,3,261.80964352,262.75969024,SUBJ-ID-154,MML-Passive-Post-210520-100355,0,0,1,0
100,100,300,1,0,1000,1,50.0466918945312,0,5,100,20000,45,290474,0,0,36,198,2021,5,20,10,8,25.996,0.2,5,3,263.05355776,264.00360448,SUBJ-ID-154,MML-Passive-Post-210520-100355,0,0,1,0
100,100,300,1,0,1000,0,50.0466918945312,0.5,5,100,20000,45,304057,0,0,18,199,2021,5,20,10,8,27.108,0.2,5,3,264.19914752,265.14919424,SUBJ-ID-154,MML-Passive-Post-210520-100355,0,1,0,0
100,100,300,1,0,1000,1,50.0466918945312,0,5,100,20000,45,319935,0,0,36,200,2021,5,20,10,8,28.409,0.2,5,3,265.4492672,266.39931392,SUBJ-ID-154,MML-Passive-Post-210520-100355,0,0,1,0
100,100,300,1,0,1000,1,50.0466918945312,0,5,100,20000,45,334745,0,0,36,201,2021,5,20,10,8,29.623,0.2,5,3,266.65383936,267.60388608,SUBJ-ID-154,MML-Passive-Post-210520-100355,0,0,1,0
100,100,300,1,0,1000,1,50.0466918945312,0,5,100,20000,45,349248,0,0,36,202,2021,5,20,10,8,30.811,0.2,5,3,267.82244864,268.77249536,SUBJ-ID-154,MML-Passive-Post-210520-100355,0,0,1,0
100,100,300,1,0,1000,0,50.0466918945312,0.349999994039536,5,100,20000,45,362871,0,0,18,203,2021,5,20,10,8,31.927,0.2,5,3,269.01139456,269.96144128,SUBJ-ID-154,MML-Passive-Post-210520-100355,0,1,0,0
100,100,300,1,0,1000,1,50.0466918945312,0,5,100,20000,45,12330,0,0,36,204,2021,5,20,10,8,33.242,0.2,5,3,270.26151424,271.21156096,SUBJ-ID-154,MML-Passive-Post-210520-100355,0,0,1,0
100,100,300,1,0,1000,1,50.0466918945312,0,5,100,20000,45,26699,0,0,36,205,2021,5,20,10,8,34.419,0.2,5,3,271.46913792,272.41918464,SUBJ-ID-154,MML-Passive-Post-210520-100355,0,0,1,0
100,100,300,1,0,1000,1,50.0466918945312,0,5,100,20000,45,40400,0,0,36,206,2021,5,20,10,8,35.541,0.2,5,3,272.61968384,273.56973056,SUBJ-ID-154,MML-Passive-Post-210520-100355,0,0,1,0
100,100,300,0,0,1000,0,50.0466918945312,0.25,5,100,20000,45,54944,0,0,18,207,2021,5,20,10,8,36.733,0.2,5,3,273.76910336,274.71915008,SUBJ-ID-154,MML-Passive-Post-210520-100355,0,1,0,0
100,100,300,0,0,1000,1,50.0466918945312,0,5,100,20000,45,69715,0,0,36,208,2021,5,20,10,8,37.943,0.2,5,3,274.93412864,275.88417536,SUBJ-ID-154,MML-Passive-Post-210520-100355,0,0,1,0
100,100,300,0,0,1000,1,50.0466918945312,0,5,100,20000,45,84310,0,0,36,209,2021,5,20,10,8,39.139,0.2,5,3,276.171776,277.12182272,SUBJ-ID-154,MML-Passive-Post-210520-100355,0,0,1,0
100,100,300,0,0,1000,1,50.0466918945312,0,5,100,20000,45,98764,0,0,36,210,2021,5,20,10,8,40.323,0.2,5,3,277.37608192,278.32612864,SUBJ-ID-154,MML-Passive-Post-210520-100355,0,0,1,0
100,100,300,0,0,1000,1,50.0466918945312,0,5,100,20000,45,112511,0,0,36,211,2021,5,20,10,8,41.448,0.2,5,3,278.52619776,279.47624448,SUBJ-ID-154,MML-Passive-Post-210520-100355,0,0,1,0
100,100,300,0,0,1000,0,50.0466918945312,0.180000007152557,5,100,20000,45,126897,0,0,18,212,2021,5,20,10,8,42.628,0.2,5,3,279.67264768,280.6226944,SUBJ-ID-154,MML-Passive-Post-210520-100355,0,1,0,0
100,100,300,0,0,1000,1,50.0466918945312,0,5,100,20000,45,140591,0,0,36,213,2021,5,20,10,8,43.749,0.2,5,3,280.83939328,281.78944,SUBJ-ID-154,MML-Passive-Post-210520-100355,0,0,1,0
100,100,300,0,0,1000,1,50.0466918945312,0,5,100,20000,45,155193,0,0,36,214,2021,5,20,10,8,44.945,0.2,5,3,281.9746816,282.92472832,SUBJ-ID-154,MML-Passive-Post-210520-100355,0,0,1,0
100,100,300,0,0,1000,1,50.0466918945312,0,5,100,20000,45,169785,0,0,36,215,2021,5,20,10,8,46.141,0.2,5,3,283.1696896,284.11973632,SUBJ-ID-154,MML-Passive-Post-210520-100355,0,0,1,0
100,100,300,1,0,1000,0,50.0466918945312,0.709999978542328,5,100,20000,45,184628,0,0,18,216,2021,5,20,10,8,47.356,0.2,5,3,284.36963328,285.31968,SUBJ-ID-154,MML-Passive-Post-210520-100355,0,1,0,0
100,100,300,1,0,1000,1,50.0466918945312,0,5,100,20000,45,198986,0,0,36,217,2021,5,20,10,8,48.533,0.2,5,3,285.61975296,286.56979968,SUBJ-ID-154,MML-Passive-Post-210520-100355,0,0,1,0
100,100,300,1,0,1000,1,50.0466918945312,0,5,100,20000,45,212632,0,0,36,218,2021,5,20,10,8,49.652,0.2,5,3,286.73429504,287.68434176,SUBJ-ID-154,MML-Passive-Post-210520-100355,0,0,1,0
100,100,300,1,0,1000,1,50.0466918945312,0,5,100,20000,45,227111,0,0,36,219,2021,5,20,10,8,50.837,0.2,5,3,287.86890752,288.81895424,SUBJ-ID-154,MML-Passive-Post-210520-100355,0,0,1,0
100,100,300,1,0,1000,1,50.0466918945312,0,5,100,20000,45,241746,0,0,36,220,2021,5,20,10,8,52.037,0.2,5,3,289.03870464,289.98875136,SUBJ-ID-154,MML-Passive-Post-210520-100355,0,0,1,0
100,100,300,1,0,1000,0,50.0466918945312,0.5,5,100,20000,45,256504,0,0,18,221,2021,5,20,10,8,53.245,0.2,5,3,290.24528384,291.19533056,SUBJ-ID-154,MML-Passive-Post-210520-100355,0,1,0,0
100,100,300,1,0,1000,1,50.0466918945312,0,5,100,20000,45,271064,0,0,36,222,2021,5,20,10,8,54.438,0.2,5,3,291.49540352,292.44545024,SUBJ-ID-154,MML-Passive-Post-210520-100355,0,0,1,0
100,100,300,1,0,1000,1,50.0466918945312,0,5,100,20000,45,285710,0,0,36,223,2021,5,20,10,8,55.637,0.2,5,3,292.65225728,293.602304,SUBJ-ID-154,MML-Passive-Post-210520-100355,0,0,1,0
100,100,300,1,0,1000,1,50.0466918945312,0,5,100,20000,45,300443,0,0,36,224,2021,5,20,10,8,56.845,0.2,5,3,293.83696384,294.78701056,SUBJ-ID-154,MML-Passive-Post-210520-100355,0,0,1,0
100,100,300,1,0,1000,0,50.0466918945312,0.349999994039536,5,100,20000,45,315040,0,0,18,225,2021,5,20,10,8,58.041,0.2,5,3,295.0473728,295.99741952,SUBJ-ID-154,MML-Passive-Post-210520-100355,0,1,0,0
100,100,300,1,0,1000,1,50.0466918945312,0,5,100,20000,45,329928,0,0,36,226,2021,5,20,10,8,59.26,0.2,5,3,296.29749248,297.2475392,SUBJ-ID-154,MML-Passive-Post-210520-100355,0,0,1,0
100,100,300,1,0,1000,1,50.0466918945312,0,5,100,20000,45,344385,0,0,36,227,2021,5,20,10,9,0.444,0.2,5,3,297.46018304,298.41022976,SUBJ-ID-154,MML-Passive-Post-210520-100355,0,0,1,0
100,100,300,1,0,1000,1,50.0466918945312,0,5,100,20000,45,358342,0,0,36,228,2021,5,20,10,9,1.587,0.2,5,3,298.65408512,299.60413184,SUBJ-ID-154,MML-Passive-Post-210520-100355,0,0,1,0
100,100,300,0,0,1000,0,50.0466918945312,0.25,5,100,20000,45,6210,0,0,18,229,2021,5,20,10,9,2.772,0.2,5,3,299.80946432,300.75951104,SUBJ-ID-154,MML-Passive-Post-210520-100355,0,1,0,0
100,100,300,0,0,1000,1,50.0466918945312,0,5,100,20000,45,20710,0,0,36,230,2021,5,20,10,9,3.961,0.2,5,3,301.0048,301.95484672,SUBJ-ID-154,MML-Passive-Post-210520-100355,0,0,1,0
100,100,300,0,0,1000,1,50.0466918945312,0,5,100,20000,45,35389,0,0,36,231,2021,5,20,10,9,5.163,0.2,5,3,302.171648,303.12169472,SUBJ-ID-154,MML-Passive-Post-210520-100355,0,0,1,0
100,100,300,0,0,1000,1,50.0466918945312,0,5,100,20000,45,49958,0,0,36,232,2021,5,20,10,9,6.357,0.2,5,3,303.37142784,304.32147456,SUBJ-ID-154,MML-Passive-Post-210520-100355,0,0,1,0
100,100,300,0,0,1000,1,50.0466918945312,0,5,100,20000,45,63787,0,0,36,233,2021,5,20,10,9,7.49,0.2,5,3,304.55885824,305.50890496,SUBJ-ID-154,MML-Passive-Post-210520-100355,0,0,1,0
100,100,300,0,0,1000,0,50.0466918945312,0.180000007152557,5,100,20000,45,77995,0,0,18,234,2021,5,20,10,9,8.653,0.2,5,3,305.71216896,306.66221568,SUBJ-ID-154,MML-Passive-Post-210520-100355,0,1,0,0
100,100,300,0,0,1000,1,50.0466918945312,0,5,100,20000,45,92764,0,0,36,235,2021,5,20,10,9,9.863,0.2,5,3,306.85003776,307.80008448,SUBJ-ID-154,MML-Passive-Post-210520-100355,0,0,1,0
100,100,300,0,0,1000,1,50.0466918945312,0,5,100,20000,45,107320,0,0,36,236,2021,5,20,10,9,11.056,0.2,5,3,308.07007232,309.02011904,SUBJ-ID-154,MML-Passive-Post-210520-100355,0,0,1,0
100,100,300,0,0,1000,1,50.0466918945312,0,5,100,20000,45,121295,0,0,36,237,2021,5,20,10,9,12.201,0.2,5,3,309.26055424,310.21060096,SUBJ-ID-154,MML-Passive-Post-210520-100355,0,0,1,0
100,100,300,0,0,1000,1,50.0466918945312,0,5,100,20000,45,135572,0,0,36,238,2021,5,20,10,9,13.37,0.2,5,3,310.42445312,311.37449984,SUBJ-ID-154,MML-Passive-Post-210520-100355,0,0,1,0
100,100,300,1,0,1000,0,50.0466918945312,0.709999978542328,5,100,20000,45,149200,0,0,18,239,2021,5,20,10,9,14.487,0.2,5,3,311.57362688,312.5236736,SUBJ-ID-154,MML-Passive-Post-210520-100355,0,1,0,0
100,100,300,1,0,1000,1,50.0466918945312,0,5,100,20000,45,165070,0,0,36,240,2021,5,20,10,9,15.787,0.2,5,3,312.82374656,313.77379328,SUBJ-ID-154,MML-Passive-Post-210520-100355,0,0,1,0
100,100,300,1,0,1000,1,50.0466918945312,0,5,100,20000,45,179645,0,0,36,241,2021,5,20,10,9,16.981,0.2,5,3,314.01797632,314.96802304,SUBJ-ID-154,MML-Passive-Post-210520-100355,0,0,1,0
100,100,300,1,0,1000,1,50.0466918945312,0,5,100,20000,45,194128,0,0,36,242,2021,5,20,10,9,18.167,0.2,5,3,315.18263296,316.13267968,SUBJ-ID-154,MML-Passive-Post-210520-100355,0,0,1,0
100,100,300,1,0,1000,1,50.0466918945312,0,5,100,20000,45,207854,0,0,36,243,2021,5,20,10,9,19.291,0.2,5,3,316.36789248,317.3179392,SUBJ-ID-154,MML-Passive-Post-210520-100355,0,0,1,0
100,100,300,1,0,1000,0,50.0466918945312,0.5,5,100,20000,45,222185,0,0,18,244,2021,5,20,10,9,20.466,0.2,5,3,317.51440384,318.46445056,SUBJ-ID-154,MML-Passive-Post-210520-100355,0,1,0,0
100,100,300,1,0,1000,1,50.0466918945312,0,5,100,20000,45,237048,0,0,36,245,2021,5,20,10,9,21.683,0.2,5,3,318.76452352,319.71457024,SUBJ-ID-154,MML-Passive-Post-210520-100355,0,0,1,0
100,100,300,1,0,1000,1,50.0466918945312,0,5,100,20000,45,251558,0,0,36,246,2021,5,20,10,9,22.872,0.2,5,3,319.8884864,320.83853312,SUBJ-ID-154,MML-Passive-Post-210520-100355,0,0,1,0
100,100,300,1,0,1000,1,50.0466918945312,0,5,100,20000,45,265393,0,0,36,247,2021,5,20,10,9,24.005,0.2,5,3,321.0745856,322.02463232,SUBJ-ID-154,MML-Passive-Post-210520-100355,0,0,1,0
100,100,300,1,0,1000,0,50.0466918945312,0.349999994039536,5,100,20000,45,279542,0,0,18,248,2021,5,20,10,9,25.165,0.2,5,3,322.23336448,323.1834112,SUBJ-ID-154,MML-Passive-Post-210520-100355,0,1,0,0
100,100,300,1,0,1000,1,50.0466918945312,0,5,100,20000,45,294681,0,0,36,249,2021,5,20,10,9,26.405,0.2,5,3,323.48348416,324.43353088,SUBJ-ID-154,MML-Passive-Post-210520-100355,0,0,1,0
100,100,300,1,0,1000,1,50.0466918945312,0,5,100,20000,45,309096,0,0,36,250,2021,5,20,10,9,27.585,0.2,5,3,324.63570944,325.58575616,SUBJ-ID-154,MML-Passive-Post-210520-100355,0,0,1,0
100,100,300,1,0,1000,1,50.0466918945312,0,5,100,20000,45,322994,0,0,36,251,2021,5,20,10,9,28.725,0.2,5,3,325.78768896,326.73773568,SUBJ-ID-154,MML-Passive-Post-210520-100355,0,0,1,0
100,100,300,0,0,1000,0,50.0466918945312,0.25,5,100,20000,45,337547,0,0,18,252,2021,5,20,10,9,29.916,0.2,5,3,326.93999616,327.89004288,SUBJ-ID-154,MML-Passive-Post-210520-100355,0,1,0,0
100,100,300,0,0,1000,1,50.0466918945312,0,5,100,20000,45,351729,0,0,36,253,2021,5,20,10,9,31.078,0.2,5,3,328.13488128,329.084928,SUBJ-ID-154,MML-Passive-Post-210520-100355,0,0,1,0
100,100,300,0,0,1000,1,50.0466918945312,0,5,100,20000,45,365762,0,0,36,254,2021,5,20,10,9,32.228,0.2,5,3,329.28126976,330.23131648,SUBJ-ID-154,MML-Passive-Post-210520-100355,0,0,1,0
100,100,300,0,0,1000,1,50.0466918945312,0,5,100,20000,45,13330,0,0,36,255,2021,5,20,10,9,33.388,0.2,5,3,330.43279872,331.38284544,SUBJ-ID-154,MML-Passive-Post-210520-100355,0,0,1,0
100,100,300,0,0,1000,1,50.0466918945312,0,5,100,20000,45,27959,0,0,36,256,2021,5,20,10,9,34.586,0.2,5,3,331.6209664,332.57101312,SUBJ-ID-154,MML-Passive-Post-210520-100355,0,0,1,0
100,100,300,0,0,1000,0,50.0466918945312,0.180000007152557,5,100,20000,45,42579,0,0,18,257,2021,5,20,10,9,35.785,0.2,5,3,332.7975424,333.74758912,SUBJ-ID-154,MML-Passive-Post-210520-100355,0,1,0,0
100,100,300,0,0,1000,1,50.0466918945312,0,5,100,20000,45,57196,0,0,36,258,2021,5,20,10,9,36.981,0.2,5,3,333.99683072,334.94687744,SUBJ-ID-154,MML-Passive-Post-210520-100355,0,0,1,0
100,100,300,0,0,1000,1,50.0466918945312,0,5,100,20000,45,70877,0,0,36,259,2021,5,20,10,9,38.102,0.2,5,3,335.18313472,336.13318144,SUBJ-ID-154,MML-Passive-Post-210520-100355,0,0,1,0
100,100,300,0,0,1000,1,50.0466918945312,0,5,100,20000,45,85581,0,0,36,260,2021,5,20,10,9,39.306,0.2,5,3,336.33486848,337.2849152,SUBJ-ID-154,MML-Passive-Post-210520-100355,0,0,1,0
100,100,300,0,0,1000,1,50.0466918945312,0,5,100,20000,45,100272,0,0,36,261,2021,5,20,10,9,40.51,0.2,5,3,337.53464832,338.48469504,SUBJ-ID-154,MML-Passive-Post-210520-100355,0,0,1,0
100,100,300,1,0,1000,0,50.0466918945312,0.709999978542328,5,100,20000,45,114810,0,0,18,262,2021,5,20,10,9,41.701,0.2,5,3,338.73559552,339.68564224,SUBJ-ID-154,MML-Passive-Post-210520-100355,0,1,0,0
100,100,300,1,0,1000,1,50.0466918945312,0,5,100,20000,45,129538,0,0,36,263,2021,5,20,10,9,42.908,0.2,5,3,339.9857152,340.93576192,SUBJ-ID-154,MML-Passive-Post-210520-100355,0,0,1,0
100,100,300,1,0,1000,1,50.0466918945312,0,5,100,20000,45,144320,0,0,36,264,2021,5,20,10,9,44.118,0.2,5,3,341.13804288,342.0880896,SUBJ-ID-154,MML-Passive-Post-210520-100355,0,0,1,0
100,100,300,1,0,1000,1,50.0466918945312,0,5,100,20000,45,159032,0,0,36,265,2021,5,20,10,9,45.324,0.2,5,3,342.33554944,343.28559616,SUBJ-ID-154,MML-Passive-Post-210520-100355,0,0,1,0
100,100,300,1,0,1000,0,50.0466918945312,0.5,5,100,20000,45,173331,0,0,18,266,2021,5,20,10,9,46.496,0.2,5,3,343.5481088,344.49815552,SUBJ-ID-154,MML-Passive-Post-210520-100355,0,1,0,0
100,100,300,1,0,1000,1,50.0466918945312,0,5,100,20000,45,188182,0,0,36,267,2021,5,20,10,9,47.711,0.2,5,3,344.79822848,345.7482752,SUBJ-ID-154,MML-Passive-Post-210520-100355,0,0,1,0
100,100,300,1,0,1000,1,50.0466918945312,0,5,100,20000,45,202736,0,0,36,268,2021,5,20,10,9,48.904,0.2,5,3,345.91578112,346.86582784,SUBJ-ID-154,MML-Passive-Post-210520-100355,0,0,1,0
100,100,300,1,0,1000,1,50.0466918945312,0,5,100,20000,45,216917,0,0,36,269,2021,5,20,10,9,50.066,0.2,5,3,347.12168448,348.0717312,SUBJ-ID-154,MML-Passive-Post-210520-100355,0,0,1,0
100,100,300,1,0,1000,1,50.0466918945312,0,5,100,20000,45,230934,0,0,36,270,2021,5,20,10,9,51.215,0.2,5,3,348.27395072,349.22399744,SUBJ-ID-154,MML-Passive-Post-210520-100355,0,0,1,0
100,100,300,1,0,1000,0,50.0466918945312,0.349999994039536,5,100,20000,45,245459,0,0,18,271,2021,5,20,10,9,52.404,0.2,5,3,349.451264,350.40131072,SUBJ-ID-154,MML-Passive-Post-210520-100355,0,1,0,0
100,100,300,1,0,1000,1,50.0466918945312,0,5,100,20000,45,260271,0,0,36,272,2021,5,20,10,9,53.617,0.2,5,3,350.70138368,351.6514304,SUBJ-ID-154,MML-Passive-Post-210520-100355,0,0,1,0
100,100,300,1,0,1000,1,50.0466918945312,0,5,100,20000,45,274879,0,0,36,273,2021,5,20,10,9,54.814,0.2,5,3,351.82485504,352.77490176,SUBJ-ID-154,MML-Passive-Post-210520-100355,0,0,1,0
100,100,300,1,0,1000,1,50.0466918945312,0,5,100,20000,45,288613,0,0,36,274,2021,5,20,10,9,55.94,0.2,5,3,353.02961152,353.97965824,SUBJ-ID-154,MML-Passive-Post-210520-100355,0,0,1,0
100,100,300,1,0,1000,1,50.0466918945312,0,5,100,20000,45,303215,0,0,36,275,2021,5,20,10,9,57.136,0.2,5,3,354.19226112,355.14230784,SUBJ-ID-154,MML-Passive-Post-210520-100355,0,0,1,0
100,100,300,1,0,1000,1,50.0466918945312,0,5,100,20000,45,317541,0,0,36,276,2021,5,20,10,9,58.309,0.2,5,3,355.36822272,356.31826944,SUBJ-ID-154,MML-Passive-Post-210520-100355,0,0,1,0
100,100,300,0,0,1000,0,50.0466918945312,0.25,5,100,20000,45,331301,0,0,18,277,2021,5,20,10,9,59.436,0.2,5,3,356.50842624,357.45847296,SUBJ-ID-154,MML-Passive-Post-210520-100355,0,1,0,0
100,100,300,0,0,1000,1,50.0466918945312,0,5,100,20000,45,345912,0,0,36,278,2021,5,20,10,10,0.634,0.2,5,3,357.66489088,358.6149376,SUBJ-ID-154,MML-Passive-Post-210520-100355,0,0,1,0
100,100,300,0,0,1000,1,50.0466918945312,0,5,100,20000,45,360362,0,0,36,279,2021,5,20,10,10,1.818,0.2,5,3,358.85719552,359.80724224,SUBJ-ID-154,MML-Passive-Post-210520-100355,0,0,1,0
100,100,300,0,0,1000,1,50.0466918945312,0,5,100,20000,45,8326,0,0,36,280,2021,5,20,10,10,3.01,0.2,5,3,360.02258944,360.97263616,SUBJ-ID-154,MML-Passive-Post-210520-100355,0,0,1,0
100,100,300,0,0,1000,1,50.0466918945312,0,5,100,20000,45,23154,0,0,36,281,2021,5,20,10,10,4.225,0.2,5,3,361.21460736,362.16465408,SUBJ-ID-154,MML-Passive-Post-210520-100355,0,0,1,0
100,100,300,0,0,1000,1,50.0466918945312,0,5,100,20000,45,37795,0,0,36,282,2021,5,20,10,10,5.424,0.2,5,3,362.429952,363.37999872,SUBJ-ID-154,MML-Passive-Post-210520-100355,0,0,1,0
100,100,300,0,0,1000,0,50.0466918945312,0.180000007152557,5,100,20000,45,52530,0,0,18,283,2021,5,20,10,10,6.631,0.2,5,3,363.63257856,364.58262528,SUBJ-ID-154,MML-Passive-Post-210520-100355,0,1,0,0
100,100,300,0,0,1000,1,50.0466918945312,0,5,100,20000,45,67085,0,0,36,284,2021,5,20,10,10,7.823,0.2,5,3,364.88030208,365.8303488,SUBJ-ID-154,MML-Passive-Post-210520-100355,0,0,1,0
100,100,300,0,0,1000,1,50.0466918945312,0,5,100,20000,45,81784,0,0,36,285,2021,5,20,10,10,9.029,0.2,5,3,366.03992064,366.98996736,SUBJ-ID-154,MML-Passive-Post-210520-100355,0,0,1,0
100,100,300,0,0,1000,1,50.0466918945312,0,5,100,20000,45,95416,0,0,36,286,2021,5,20,10,10,10.144,0.2,5,3,367.2250368,368.17508352,SUBJ-ID-154,MML-Passive-Post-210520-100355,0,0,1,0
100,100,300,0,0,1000,1,50.0466918945312,0,5,100,20000,45,110155,0,0,36,287,2021,5,20,10,10,11.351,0.2,5,3,368.3776512,369.32769792,SUBJ-ID-154,MML-Passive-Post-210520-100355,0,0,1,0
100,100,300,1,0,1000,0,50.0466918945312,0.709999978542328,5,100,20000,45,124554,0,0,18,288,2021,5,20,10,10,12.531,0.2,5,3,369.56913664,370.51918336,SUBJ-ID-154,MML-Passive-Post-210520-100355,0,1,0,0
100,100,300,1,0,1000,1,50.0466918945312,0,5,100,20000,45,139410,0,0,36,289,2021,5,20,10,10,13.749,0.2,5,3,370.81925632,371.76930304,SUBJ-ID-154,MML-Passive-Post-210520-100355,0,0,1,0
100,100,300,1,0,1000,1,50.0466918945312,0,5,100,20000,45,154034,0,0,36,290,2021,5,20,10,10,14.946,0.2,5,3,371.9517184,372.90176512,SUBJ-ID-154,MML-Passive-Post-210520-100355,0,0,1,0
100,100,300,1,0,1000,1,50.0466918945312,0,5,100,20000,45,168712,0,0,36,291,2021,5,20,10,10,16.149,0.2,5,3,373.14816,374.09820672,SUBJ-ID-154,MML-Passive-Post-210520-100355,0,0,1,0
100,100,300,1,0,1000,1,50.0466918945312,0,5,100,20000,45,182814,0,0,36,292,2021,5,20,10,10,17.305,0.2,5,3,374.35639808,375.3064448,SUBJ-ID-154,MML-Passive-Post-210520-100355,0,0,1,0
100,100,300,1,0,1000,0,50.0466918945312,0.5,5,100,20000,45,196830,0,0,18,293,2021,5,20,10,10,18.452,0.2,5,3,375.5072512,376.45729792,SUBJ-ID-154,MML-Passive-Post-210520-100355,0,1,0,0
100,100,300,1,0,1000,1,50.0466918945312,0,5,100,20000,45,212624,0,0,36,294,2021,5,20,10,10,19.746,0.2,5,3,376.75737088,377.7074176,SUBJ-ID-154,MML-Passive-Post-210520-100355,0,0,1,0
100,100,300,1,0,1000,1,50.0466918945312,0,5,100,20000,45,226394,0,0,36,295,2021,5,20,10,10,20.874,0.2,5,3,377.96057088,378.9106176,SUBJ-ID-154,MML-Passive-Post-210520-100355,0,0,1,0
100,100,300,1,0,1000,1,50.0466918945312,0,5,100,20000,45,241031,0,0,36,296,2021,5,20,10,10,22.074,0.2,5,3,379.10503424,380.05508096,SUBJ-ID-154,MML-Passive-Post-210520-100355,0,0,1,0
100,100,300,1,0,1000,1,50.0466918945312,0,5,100,20000,45,256061,0,0,36,297,2021,5,20,10,10,23.305,0.2,5,3,380.30942208,381.2594688,SUBJ-ID-154,MML-Passive-Post-210520-100355,0,0,1,0
100,100,300,1,0,1000,0,50.0466918945312,0.349999994039536,5,100,20000,45,270608,0,0,18,298,2021,5,20,10,10,24.497,0.2,5,3,381.52763392,382.47768064,SUBJ-ID-154,MML-Passive-Post-210520-100355,0,1,0,0
100,100,300,1,0,1000,1,50.0466918945312,0,5,100,20000,45,285430,0,0,36,299,2021,5,20,10,10,25.71,0.2,5,3,382.7777536,383.72780032,SUBJ-ID-154,MML-Passive-Post-210520-100355,0,0,1,0
100,100,300,1,0,1000,1,50.0466918945312,0,5,100,20000,45,300047,0,0,36,300,2021,5,20,10,10,26.908,0.2,5,3,383.91932928,384.869376,SUBJ-ID-154,MML-Passive-Post-210520-100355,0,0,1,0
100,100,300,1,0,1000,1,50.0466918945312,0,5,100,20000,45,314647,0,0,36,301,2021,5,20,10,10,28.104,0.2,5,3,385.1167744,386.06682112,SUBJ-ID-154,MML-Passive-Post-210520-100355,0,0,1,0
100,100,300,0,0,1000,0,50.0466918945312,0.25,5,100,20000,45,329402,0,0,18,302,2021,5,20,10,10,29.313,0.2,5,3,386.31729152,387.26733824,SUBJ-ID-154,MML-Passive-Post-210520-100355,0,1,0,0
100,100,300,0,0,1000,1,50.0466918945312,0,5,100,20000,45,344151,0,0,36,303,2021,5,20,10,10,30.522,0.2,5,3,387.53036288,388.4804096,SUBJ-ID-154,MML-Passive-Post-210520-100355,0,0,1,0
100,100,300,0,0,1000,1,50.0466918945312,0,5,100,20000,45,358694,0,0,36,304,2021,5,20,10,10,31.713,0.2,5,3,388.7290368,389.67908352,SUBJ-ID-154,MML-Passive-Post-210520-100355,0,0,1,0
100,100,300,0,0,1000,1,50.0466918945312,0,5,100,20000,45,6995,0,0,36,305,2021,5,20,10,10,32.933,0.2,5,3,389.93184768,390.8818944,SUBJ-ID-154,MML-Passive-Post-210520-100355,0,0,1,0
100,100,300,0,0,1000,1,50.0466918945312,0,5,100,20000,45,21841,0,0,36,306,2021,5,20,10,10,34.149,0.2,5,3,391.14596352,392.09601024,SUBJ-ID-154,MML-Passive-Post-210520-100355,0,0,1,0
100,100,300,0,0,1000,0,50.0466918945312,0.180000007152557,5,100,20000,45,35776,0,0,18,307,2021,5,20,10,10,35.29,0.2,5,3,392.35373056,393.30377728,SUBJ-ID-154,MML-Passive-Post-210520-100355,0,1,0,0
100,100,300,0,0,1000,1,50.0466918945312,0,5,100,20000,45,50280,0,0,36,308,2021,5,20,10,10,36.478,0.2,5,3,393.5145984,394.46464512,SUBJ-ID-154,MML-Passive-Post-210520-100355,0,0,1,0
100,100,300,0,0,1000,1,50.0466918945312,0,5,100,20000,45,64590,0,0,36,309,2021,5,20,10,10,37.651,0.2,5,3,394.69754368,395.6475904,SUBJ-ID-154,MML-Passive-Post-210520-100355,0,0,1,0
100,100,300,0,0,1000,1,50.0466918945312,0,5,100,20000,45,79359,0,0,36,310,2021,5,20,10,10,38.861,0.2,5,3,395.8714368,396.82148352,SUBJ-ID-154,MML-Passive-Post-210520-100355,0,0,1,0
100,100,300,1,0,1000,0,50.0466918945312,0.709999978542328,5,100,20000,45,94004,0,0,18,311,2021,5,20,10,10,40.061,0.2,5,3,397.0702336,398.02028032,SUBJ-ID-154,MML-Passive-Post-210520-100355,0,1,0,0
100,100,300,1,0,1000,1,50.0466918945312,0,5,100,20000,45,108833,0,0,36,312,2021,5,20,10,10,41.275,0.2,5,3,398.32035328,399.2704,SUBJ-ID-154,MML-Passive-Post-210520-100355,0,0,1,0
100,100,300,1,0,1000,1,50.0466918945312,0,5,100,20000,45,123684,0,0,36,313,2021,5,20,10,10,42.493,0.2,5,3,399.50430208,400.4543488,SUBJ-ID-154,MML-Passive-Post-210520-100355,0,0,1,0
100,100,300,1,0,1000,1,50.0466918945312,0,5,100,20000,45,138024,0,0,36,314,2021,5,20,10,10,43.667,0.2,5,3,400.71624704,401.66629376,SUBJ-ID-154,MML-Passive-Post-210520-100355,0,0,1,0
100,100,300,1,0,1000,1,50.0466918945312,0,5,100,20000,45,151914,0,0,36,315,2021,5,20,10,10,44.805,0.2,5,3,401.87121664,402.82126336,SUBJ-ID-154,MML-Passive-Post-210520-100355,0,0,1,0
100,100,300,1,0,1000,1,50.0466918945312,0,5,100,20000,45,166057,0,0,36,316,2021,5,20,10,10,45.963,0.2,5,3,403.02370816,403.97375488,SUBJ-ID-154,MML-Passive-Post-210520-100355,0,0,1,0
100,100,300,1,0,1000,0,50.0466918945312,0.5,5,100,20000,45,181146,0,0,18,317,2021,5,20,10,10,47.2,0.2,5,3,404.17671168,405.1267584,SUBJ-ID-154,MML-Passive-Post-210520-100355,0,1,0,0
100,100,300,1,0,1000,1,50.0466918945312,0,5,100,20000,45,195555,0,0,36,318,2021,5,20,10,10,48.381,0.2,5,3,405.42683136,406.37687808,SUBJ-ID-154,MML-Passive-Post-210520-100355,0,0,1,0
100,100,300,1,0,1000,1,50.0466918945312,0,5,100,20000,45,210433,0,0,36,319,2021,5,20,10,10,49.599,0.2,5,3,406.61786624,407.56791296,SUBJ-ID-154,MML-Passive-Post-210520-100355,0,0,1,0
100,100,300,1,0,1000,1,50.0466918945312,0,5,100,20000,45,224824,0,0,36,320,2021,5,20,10,10,50.777,0.2,5,3,407.82450688,408.7745536,SUBJ-ID-154,MML-Passive-Post-210520-100355,0,0,1,0
100,100,300,1,0,1000,1,50.0466918945312,0,5,100,20000,45,238639,0,0,36,321,2021,5,20,10,10,51.909,0.2,5,3,408.97896448,409.9290112,SUBJ-ID-154,MML-Passive-Post-210520-100355,0,0,1,0
100,100,300,1,0,1000,0,50.0466918945312,0.349999994039536,5,100,20000,45,253110,0,0,18,322,2021,5,20,10,10,53.094,0.2,5,3,410.14089728,411.090944,SUBJ-ID-154,MML-Passive-Post-210520-100355,0,1,0,0
100,100,300,1,0,1000,1,50.0466918945312,0,5,100,20000,45,268917,0,0,36,323,2021,5,20,10,10,54.39,0.2,5,3,411.39101696,412.34106368,SUBJ-ID-154,MML-Passive-Post-210520-100355,0,0,1,0
100,100,300,1,0,1000,1,50.0466918945312,0,5,100,20000,45,283618,0,0,36,324,2021,5,20,10,10,55.594,0.2,5,3,412.60171264,413.55175936,SUBJ-ID-154,MML-Passive-Post-210520-100355,0,0,1,0
100,100,300,1,0,1000,1,50.0466918945312,0,5,100,20000,45,298239,0,0,36,325,2021,5,20,10,10,56.791,0.2,5,3,413.8094592,414.75950592,SUBJ-ID-154,MML-Passive-Post-210520-100355,0,0,1,0
100,100,300,1,0,1000,1,50.0466918945312,0,5,100,20000,45,313009,0,0,36,326,2021,5,20,10,10,58.002,0.2,5,3,415.00665856,415.95670528,SUBJ-ID-154,MML-Passive-Post-210520-100355,0,0,1,0
100,100,300,0,0,1000,0,50.0466918945312,0.25,5,100,20000,45,327723,0,0,18,327,2021,5,20,10,10,59.207,0.2,5,3,416.21243904,417.16248576,SUBJ-ID-154,MML-Passive-Post-210520-100355,0,1,0,0
100,100,300,0,0,1000,1,50.0466918945312,0,5,100,20000,45,342358,0,0,36,328,2021,5,20,10,11,0.407,0.2,5,3,417.4162944,418.36634112,SUBJ-ID-154,MML-Passive-Post-210520-100355,0,0,1,0
100,100,300,0,0,1000,1,50.0466918945312,0,5,100,20000,45,357078,0,0,36,329,2021,5,20,10,11,1.613,0.2,5,3,418.62148096,419.57152768,SUBJ-ID-154,MML-Passive-Post-210520-100355,0,0,1,0
100,100,300,0,0,1000,1,50.0466918945312,0,5,100,20000,45,5074,0,0,36,330,2021,5,20,10,11,2.807,0.2,5,3,419.81847552,420.76852224,SUBJ-ID-154,MML-Passive-Post-210520-100355,0,0,1,0
100,100,300,0,0,1000,1,50.0466918945312,0,5,100,20000,45,19042,0,0,36,331,2021,5,20,10,11,3.951,0.2,5,3,421.01082112,421.96086784,SUBJ-ID-154,MML-Passive-Post-210520-100355,0,0,1,0
100,100,300,0,0,1000,0,50.0466918945312,0.180000007152557,5,100,20000,45,33160,0,0,18,332,2021,5,20,10,11,5.109,0.2,5,3,422.16605696,423.11610368,SUBJ-ID-154,MML-Passive-Post-210520-100355,0,1,0,0
100,100,300,0,0,1000,1,50.0466918945312,0,5,100,20000,45,47789,0,0,36,333,2021,5,20,10,11,6.306,0.2,5,3,423.320064,424.27011072,SUBJ-ID-154,MML-Passive-Post-210520-100355,0,0,1,0
100,100,300,0,0,1000,1,50.0466918945312,0,5,100,20000,45,61627,0,0,36,334,2021,5,20,10,11,7.44,0.2,5,3,424.5141504,425.46419712,SUBJ-ID-154,MML-Passive-Post-210520-100355,0,0,1,0
100,100,300,0,0,1000,1,50.0466918945312,0,5,100,20000,45,75833,0,0,36,335,2021,5,20,10,11,8.604,0.2,5,3,425.66580224,426.61584896,SUBJ-ID-154,MML-Passive-Post-210520-100355,0,0,1,0
100,100,300,0,0,1000,1,50.0466918945312,0,5,100,20000,45,90574,0,0,36,336,2021,5,20,10,11,9.811,0.2,5,3,426.82404864,427.77409536,SUBJ-ID-154,MML-Passive-Post-210520-100355,0,0,1,0
100,100,300,0,0,1000,1,50.0466918945312,0,5,100,20000,45,105275,0,0,36,337,2021,5,20,10,11,11.015,0.2,5,3,428.02552832,428.97557504,SUBJ-ID-154,MML-Passive-Post-210520-100355,0,0,1,0
100,100,300,1,0,1000,0,50.0466918945312,0.709999978542328,5,100,20000,45,119996,0,0,18,338,2021,5,20,10,11,12.222,0.2,5,3,429.22344448,430.1734912,SUBJ-ID-154,MML-Passive-Post-210520-100355,0,1,0,0
100,100,300,1,0,1000,1,50.0466918945312,0,5,100,20000,45,134616,0,0,36,339,2021,5,20,10,11,13.419,0.2,5,3,430.47356416,431.42361088,SUBJ-ID-154,MML-Passive-Post-210520-100355,0,0,1,0
100,100,300,1,0,1000,1,50.0466918945312,0,5,100,20000,45,149431,0,0,36,340,2021,5,20,10,11,14.633,0.2,5,3,431.6289024,432.57894912,SUBJ-ID-154,MML-Passive-Post-210520-100355,0,0,1,0
100,100,300,1,0,1000,1,50.0466918945312,0,5,100,20000,45,163944,0,0,36,341,2021,5,20,10,11,15.822,0.2,5,3,432.835584,433.78563072,SUBJ-ID-154,MML-Passive-Post-210520-100355,0,0,1,0
100,100,300,1,0,1000,0,50.0466918945312,0.5,5,100,20000,45,177822,0,0,18,342,2021,5,20,10,11,16.96,0.2,5,3,434.0426752,434.99272192,SUBJ-ID-154,MML-Passive-Post-210520-100355,0,1,0,0
100,100,300,1,0,1000,1,50.0466918945312,0,5,100,20000,45,193627,0,0,36,343,2021,5,20,10,11,18.254,0.2,5,3,435.29279488,436.2428416,SUBJ-ID-154,MML-Passive-Post-210520-100355,0,0,1,0
100,100,300,1,0,1000,1,50.0466918945312,0,5,100,20000,45,208093,0,0,36,344,2021,5,20,10,11,19.44,0.2,5,3,436.47823872,437.42828544,SUBJ-ID-154,MML-Passive-Post-210520-100355,0,0,1,0
100,100,300,1,0,1000,1,50.0466918945312,0,5,100,20000,45,223327,0,0,36,345,2021,5,20,10,11,20.687,0.2,5,3,437.64658176,438.59662848,SUBJ-ID-154,MML-Passive-Post-210520-100355,0,0,1,0
100,100,300,1,0,1000,1,50.0466918945312,0,5,100,20000,45,238075,0,0,36,346,2021,5,20,10,11,21.895,0.2,5,3,438.91347456,439.86352128,SUBJ-ID-154,MML-Passive-Post-210520-100355,0,0,1,0
100,100,300,1,0,1000,1,50.0466918945312,0,5,100,20000,45,252509,0,0,36,347,2021,5,20,10,11,23.077,0.2,5,3,440.11937792,441.06942464,SUBJ-ID-154,MML-Passive-Post-210520-100355,0,0,1,0
100,100,300,1,0,1000,0,50.0466918945312,0.349999994039536,5,100,20000,45,266285,0,0,18,348,2021,5,20,10,11,24.206,0.2,5,3,441.28636928,442.236416,SUBJ-ID-154,MML-Passive-Post-210520-100355,0,1,0,0
100,100,300,1,0,1000,1,50.0466918945312,0,5,100,20000,45,282202,0,0,36,349,2021,5,20,10,11,25.51,0.2,5,3,442.53648896,443.48653568,SUBJ-ID-154,MML-Passive-Post-210520-100355,0,0,1,0
100,100,300,1,0,1000,1,50.0466918945312,0,5,100,20000,45,296580,0,0,36,350,2021,5,20,10,11,26.688,0.2,5,3,443.74151168,444.6915584,SUBJ-ID-154,MML-Passive-Post-210520-100355,0,0,1,0
100,100,300,1,0,1000,1,50.0466918945312,0,5,100,20000,45,310360,0,0,36,351,2021,5,20,10,11,27.817,0.2,5,3,444.90346496,445.85351168,SUBJ-ID-154,MML-Passive-Post-210520-100355,0,0,1,0
100,100,300,1,0,1000,1,50.0466918945312,0,5,100,20000,45,324626,0,0,36,352,2021,5,20,10,11,28.986,0.2,5,3,446.0379136,446.98796032,SUBJ-ID-154,MML-Passive-Post-210520-100355,0,0,1,0
100,100,300,1,0,1000,1,50.0466918945312,0,5,100,20000,45,339318,0,0,36,353,2021,5,20,10,11,30.189,0.2,5,3,447.19294464,448.14299136,SUBJ-ID-154,MML-Passive-Post-210520-100355,0,0,1,0
100,100,300,0,0,1000,0,50.0466918945312,0.25,5,100,20000,45,354060,0,0,18,354,2021,5,20,10,11,31.397,0.2,5,3,448.39620608,449.3462528,SUBJ-ID-154,MML-Passive-Post-210520-100355,0,1,0,0
100,100,300,0,0,1000,1,50.0466918945312,0,5,100,20000,45,2173,0,0,36,355,2021,5,20,10,11,32.601,0.2,5,3,449.61165312,450.56169984,SUBJ-ID-154,MML-Passive-Post-210520-100355,0,0,1,0
100,100,300,0,0,1000,1,50.0466918945312,0,5,100,20000,45,16962,0,0,36,356,2021,5,20,10,11,33.813,0.2,5,3,450.84407808,451.7941248,SUBJ-ID-154,MML-Passive-Post-210520-100355,0,0,1,0
100,100,300,0,0,1000,1,50.0466918945312,0,5,100,20000,45,31364,0,0,36,357,2021,5,20,10,11,34.993,0.2,5,3,452.04271104,452.99275776,SUBJ-ID-154,MML-Passive-Post-210520-100355,0,0,1,0
100,100,300,0,0,1000,0,50.0466918945312,0.180000007152557,5,100,20000,45,45348,0,0,18,358,2021,5,20,10,11,36.138,0.2,5,3,453.19708672,454.14713344,SUBJ-ID-154,MML-Passive-Post-210520-100355,0,1,0,0
100,100,300,0,0,1000,1,50.0466918945312,0,5,100,20000,45,59473,0,0,36,359,2021,5,20,10,11,37.295,0.2,5,3,454.34912768,455.2991744,SUBJ-ID-154,MML-Passive-Post-210520-100355,0,0,1,0
100,100,300,0,0,1000,1,50.0466918945312,0,5,100,20000,45,73279,0,0,36,360,2021,5,20,10,11,38.426,0.2,5,3,455.51478784,456.46483456,SUBJ-ID-154,MML-Passive-Post-210520-100355,0,0,1,0
100,100,300,0,0,1000,1,50.0466918945312,0,5,100,20000,45,87452,0,0,36,361,2021,5,20,10,11,39.588,0.2,5,3,456.64483328,457.59488,SUBJ-ID-154,MML-Passive-Post-210520-100355,0,0,1,0
100,100,300,0,0,1000,1,50.0466918945312,0,5,100,20000,45,102247,0,0,36,362,2021,5,20,10,11,40.8,0.2,5,3,457.8081792,458.75822592,SUBJ-ID-154,MML-Passive-Post-210520-100355,0,0,1,0
100,100,300,1,0,1000,0,50.0466918945312,0.709999978542328,5,100,20000,45,116861,0,0,18,363,2021,5,20,10,11,41.999,0.2,5,3,459.00709888,459.9571456,SUBJ-ID-154,MML-Passive-Post-210520-100355,0,1,0,0
100,100,300,1,0,1000,1,50.0466918945312,0,5,100,20000,45,131530,0,0,36,364,2021,5,20,10,11,43.198,0.2,5,3,460.25721856,461.20726528,SUBJ-ID-154,MML-Passive-Post-210520-100355,0,0,1,0
100,100,300,1,0,1000,1,50.0466918945312,0,5,100,20000,45,146346,0,0,36,365,2021,5,20,10,11,44.413,0.2,5,3,461.40895232,462.35899904,SUBJ-ID-154,MML-Passive-Post-210520-100355,0,0,1,0
100,100,300,1,0,1000,1,50.0466918945312,0,5,100,20000,45,160923,0,0,36,366,2021,5,20,10,11,45.606,0.2,5,3,462.61522432,463.56527104,SUBJ-ID-154,MML-Passive-Post-210520-100355,0,0,1,0
100,100,300,1,0,1000,1,50.0466918945312,0,5,100,20000,45,175129,0,0,36,367,2021,5,20,10,11,46.77,0.2,5,3,463.81651968,464.7665664,SUBJ-ID-154,MML-Passive-Post-210520-100355,0,0,1,0
100,100,300,1,0,1000,0,50.0466918945312,0.5,5,100,20000,45,188960,0,0,18,368,2021,5,20,10,11,47.906,0.2,5,3,464.97681408,465.9268608,SUBJ-ID-154,MML-Passive-Post-210520-100355,0,1,0,0
100,100,300,1,0,1000,1,50.0466918945312,0,5,100,20000,45,205032,0,0,36,369,2021,5,20,10,11,49.22,0.2,5,3,466.22693376,467.17698048,SUBJ-ID-154,MML-Passive-Post-210520-100355,0,0,1,0
100,100,300,1,0,1000,1,50.0466918945312,0,5,100,20000,45,219784,0,0,36,370,2021,5,20,10,11,50.428,0.2,5,3,467.43363584,468.38368256,SUBJ-ID-154,MML-Passive-Post-210520-100355,0,0,1,0
100,100,300,1,0,1000,1,50.0466918945312,0,5,100,20000,45,234628,0,0,36,371,2021,5,20,10,11,51.645,0.2,5,3,468.66341888,469.6134656,SUBJ-ID-154,MML-Passive-Post-210520-100355,0,0,1,0
100,100,300,1,0,1000,1,50.0466918945312,0,5,100,20000,45,249259,0,0,36,372,2021,5,20,10,11,52.844,0.2,5,3,469.86901504,470.81906176,SUBJ-ID-154,MML-Passive-Post-210520-100355,0,0,1,0
100,100,300,1,0,1000,1,50.0466918945312,0,5,100,20000,45,263981,0,0,36,373,2021,5,20,10,11,54.049,0.2,5,3,471.06650112,472.01654784,SUBJ-ID-154,MML-Passive-Post-210520-100355,0,0,1,0
100,100,300,1,0,1000,0,50.0466918945312,0.349999994039536,5,100,20000,45,278572,0,0,18,374,2021,5,20,10,11,55.245,0.2,5,3,472.27236352,473.22241024,SUBJ-ID-154,MML-Passive-Post-210520-100355,0,1,0,0
100,100,300,1,0,1000,1,50.0466918945312,0,5,100,20000,45,293439,0,0,36,375,2021,5,20,10,11,56.463,0.2,5,3,473.5224832,474.47252992,SUBJ-ID-154,MML-Passive-Post-210520-100355,0,0,1,0
100,100,300,1,0,1000,1,50.0466918945312,0,5,100,20000,45,307795,0,0,36,376,2021,5,20,10,11,57.638,0.2,5,3,474.680832,475.63087872,SUBJ-ID-154,MML-Passive-Post-210520-100355,0,0,1,0
100,100,300,1,0,1000,1,50.0466918945312,0,5,100,20000,45,321627,0,0,36,377,2021,5,20,10,11,58.772,0.2,5,3,475.85482752,476.80487424,SUBJ-ID-154,MML-Passive-Post-210520-100355,0,0,1,0
100,100,300,1,0,1000,1,50.0466918945312,0,5,100,20000,45,336083,0,0,36,378,2021,5,20,10,11,59.956,0.2,5,3,476.98937856,477.93942528,SUBJ-ID-154,MML-Passive-Post-210520-100355,0,0,1,0
100,100,300,0,0,1000,0,50.0466918945312,0.25,5,100,20000,45,350666,0,0,18,379,2021,5,20,10,12,1.15,0.2,5,3,478.19511808,479.1451648,SUBJ-ID-154,MML-Passive-Post-210520-100355,0,1,0,0
100,100,300,0,0,1000,1,50.0466918945312,0,5,100,20000,45,365361,0,0,36,380,2021,5,20,10,12,2.354,0.2,5,3,479.38865152,480.33869824,SUBJ-ID-154,MML-Passive-Post-210520-100355,0,0,1,0
100,100,300,0,0,1000,1,50.0466918945312,0,5,100,20000,45,13471,0,0,36,381,2021,5,20,10,12,3.559,0.2,5,3,480.57014272,481.52018944,SUBJ-ID-154,MML-Passive-Post-210520-100355,0,0,1,0
100,100,300,0,0,1000,1,50.0466918945312,0,5,100,20000,45,28172,0,0,36,382,2021,5,20,10,12,4.764,0.2,5,3,481.77676288,482.7268096,SUBJ-ID-154,MML-Passive-Post-210520-100355,0,0,1,0
100,100,300,0,0,1000,1,50.0466918945312,0,5,100,20000,45,42992,0,0,36,383,2021,5,20,10,12,5.977,0.2,5,3,482.98047488,483.9305216,SUBJ-ID-154,MML-Passive-Post-210520-100355,0,0,1,0
100,100,300,0,0,1000,0,50.0466918945312,0.180000007152557,5,100,20000,45,57983,0,0,18,384,2021,5,20,10,12,7.206,0.2,5,3,484.21543936,485.16548608,SUBJ-ID-154,MML-Passive-Post-210520-100355,0,1,0,0
100,100,300,0,0,1000,1,50.0466918945312,0,5,100,20000,45,72623,0,0,36,385,2021,5,20,10,12,8.405,0.2,5,3,485.42990336,486.37995008,SUBJ-ID-154,MML-Passive-Post-210520-100355,0,0,1,0
100,100,300,0,0,1000,1,50.0466918945312,0,5,100,20000,45,87224,0,0,36,386,2021,5,20,10,12,9.601,0.2,5,3,486.63130112,487.58134784,SUBJ-ID-154,MML-Passive-Post-210520-100355,0,0,1,0
100,100,300,0,0,1000,1,50.0466918945312,0,5,100,20000,45,101792,0,0,36,387,2021,5,20,10,12,10.794,0.2,5,3,487.8045184,488.75456512,SUBJ-ID-154,MML-Passive-Post-210520-100355,0,0,1,0
100,100,300,1,0,1000,0,50.0466918945312,0.709999978542328,5,100,20000,45,116321,0,0,18,388,2021,5,20,10,12,11.984,0.2,5,3,489.00685824,489.95690496,SUBJ-ID-154,MML-Passive-Post-210520-100355,0,1,0,0
100,100,300,1,0,1000,1,50.0466918945312,0,5,100,20000,45,131424,0,0,36,389,2021,5,20,10,12,13.223,0.2,5,3,490.25697792,491.20702464,SUBJ-ID-154,MML-Passive-Post-210520-100355,0,0,1,0
100,100,300,1,0,1000,1,50.0466918945312,0,5,100,20000,45,146166,0,0,36,390,2021,5,20,10,12,14.43,0.2,5,3,491.4296832,492.37972992,SUBJ-ID-154,MML-Passive-Post-210520-100355,0,0,1,0
100,100,300,1,0,1000,1,50.0466918945312,0,5,100,20000,45,161345,0,0,36,391,2021,5,20,10,12,15.673,0.2,5,3,492.67136512,493.62141184,SUBJ-ID-154,MML-Passive-Post-210520-100355,0,0,1,0
100,100,300,1,0,1000,1,50.0466918945312,0,5,100,20000,45,175368,0,0,36,392,2021,5,20,10,12,16.822,0.2,5,3,493.87728896,494.82733568,SUBJ-ID-154,MML-Passive-Post-210520-100355,0,0,1,0
100,100,300,1,0,1000,1,50.0466918945312,0,5,100,20000,45,190295,0,0,36,393,2021,5,20,10,12,18.045,0.2,5,3,495.04065536,495.99070208,SUBJ-ID-154,MML-Passive-Post-210520-100355,0,0,1,0
100,100,300,1,0,1000,0,50.0466918945312,0.5,5,100,20000,45,204980,0,0,18,394,2021,5,20,10,12,19.248,0.2,5,3,496.27297792,497.22302464,SUBJ-ID-154,MML-Passive-Post-210520-100355,0,1,0,0
100,100,300,1,0,1000,1,50.0466918945312,0,5,100,20000,45,219702,0,0,36,395,2021,5,20,10,12,20.454,0.2,5,3,497.5230976,498.47314432,SUBJ-ID-154,MML-Passive-Post-210520-100355,0,0,1,0
100,100,300,1,0,1000,1,50.0466918945312,0,5,100,20000,45,234246,0,0,36,396,2021,5,20,10,12,21.646,0.2,5,3,498.67636736,499.62641408,SUBJ-ID-154,MML-Passive-Post-210520-100355,0,0,1,0
100,100,300,1,0,1000,1,50.0466918945312,0,5,100,20000,45,249210,0,0,36,397,2021,5,20,10,12,22.871,0.2,5,3,499.87835904,500.82840576,SUBJ-ID-154,MML-Passive-Post-210520-100355,0,0,1,0
100,100,300,1,0,1000,0,50.0466918945312,0.349999994039536,5,100,20000,45,264125,0,0,18,398,2021,5,20,10,12,24.094,0.2,5,3,501.1150848,502.06513152,SUBJ-ID-154,MML-Passive-Post-210520-100355,0,1,0,0
100,100,300,1,0,1000,1,50.0466918945312,0,5,100,20000,45,278595,0,0,36,399,2021,5,20,10,12,25.279,0.2,5,3,502.36520448,503.3152512,SUBJ-ID-154,MML-Passive-Post-210520-100355,0,0,1,0
100,100,300,1,0,1000,1,50.0466918945312,0,5,100,20000,45,293083,0,0,36,400,2021,5,20,10,12,26.465,0.2,5,3,503.48904448,504.4390912,SUBJ-ID-154,MML-Passive-Post-210520-100355,0,0,1,0
100,100,300,1,0,1000,1,50.0466918945312,0,5,100,20000,45,307870,0,0,36,401,2021,5,20,10,12,27.677,0.2,5,3,504.67416064,505.62420736,SUBJ-ID-154,MML-Passive-Post-210520-100355,0,0,1,0
100,100,300,0,0,1000,0,50.0466918945312,0.25,5,100,20000,45,322602,0,0,18,402,2021,5,20,10,12,28.884,0.2,5,3,505.91516672,506.86521344,SUBJ-ID-154,MML-Passive-Post-210520-100355,0,1,0,0
100,100,300,0,0,1000,1,50.0466918945312,0,5,100,20000,45,337265,0,0,36,403,2021,5,20,10,12,30.085,0.2,5,3,507.11242752,508.06247424,SUBJ-ID-154,MML-Passive-Post-210520-100355,0,0,1,0
100,100,300,0,0,1000,1,50.0466918945312,0,5,100,20000,45,351497,0,0,36,404,2021,5,20,10,12,31.251,0.2,5,3,508.31945728,509.269504,SUBJ-ID-154,MML-Passive-Post-210520-100355,0,0,1,0
100,100,300,0,0,1000,1,50.0466918945312,0,5,100,20000,45,365244,0,0,36,405,2021,5,20,10,12,32.377,0.2,5,3,509.4578176,510.40786432,SUBJ-ID-154,MML-Passive-Post-210520-100355,0,0,1,0
100,100,300,0,0,1000,1,50.0466918945312,0,5,100,20000,45,13329,0,0,36,406,2021,5,20,10,12,33.58,0.2,5,3,510.58466816,511.53471488,SUBJ-ID-154,MML-Passive-Post-210520-100355,0,0,1,0
100,100,300,0,0,1000,0,50.0466918945312,0.180000007152557,5,100,20000,45,28118,0,0,18,407,2021,5,20,10,12,34.791,0.2,5,3,511.79116544,512.74121216,SUBJ-ID-154,MML-Passive-Post-210520-100355,0,1,0,0
100,100,300,0,0,1000,1,50.0466918945312,0,5,100,20000,45,42352,0,0,36,408,2021,5,20,10,12,35.957,0.2,5,3,513.02518784,513.97523456,SUBJ-ID-154,MML-Passive-Post-210520-100355,0,0,1,0
100,100,300,0,0,1000,1,50.0466918945312,0,5,100,20000,45,56432,0,0,36,409,2021,5,20,10,12,37.111,0.2,5,3,514.15744512,515.10749184,SUBJ-ID-154,MML-Passive-Post-210520-100355,0,0,1,0
100,100,300,0,0,1000,1,50.0466918945312,0,5,100,20000,45,70886,0,0,36,410,2021,5,20,10,12,38.294,0.2,5,3,515.3327104,516.28275712,SUBJ-ID-154,MML-Passive-Post-210520-100355,0,0,1,0
100,100,300,1,0,1000,0,50.0466918945312,0.709999978542328,5,100,20000,45,85477,0,0,18,411,2021,5,20,10,12,39.49,0.2,5,3,516.51827712,517.46832384,SUBJ-ID-154,MML-Passive-Post-210520-100355,0,1,0,0
100,100,300,1,0,1000,1,50.0466918945312,0,5,100,20000,45,100155,0,0,36,412,2021,5,20,10,12,40.692,0.2,5,3,517.7683968,518.71844352,SUBJ-ID-154,MML-Passive-Post-210520-100355,0,0,1,0
100,100,300,1,0,1000,1,50.0466918945312,0,5,100,20000,45,113992,0,0,36,413,2021,5,20,10,12,41.826,0.2,5,3,518.89682432,519.84687104,SUBJ-ID-154,MML-Passive-Post-210520-100355,0,0,1,0
100,100,300,1,0,1000,1,50.0466918945312,0,5,100,20000,45,128604,0,0,36,414,2021,5,20,10,12,43.022,0.2,5,3,520.05732352,521.00737024,SUBJ-ID-154,MML-Passive-Post-210520-100355,0,0,1,0
100,100,300,1,0,1000,1,50.0466918945312,0,5,100,20000,45,142930,0,0,36,415,2021,5,20,10,12,44.197,0.2,5,3,521.23377664,522.18382336,SUBJ-ID-154,MML-Passive-Post-210520-100355,0,0,1,0
100,100,300,1,0,1000,0,50.0466918945312,0.5,5,100,20000,45,157822,0,0,18,416,2021,5,20,10,12,45.416,0.2,5,3,522.42731008,523.3773568,SUBJ-ID-154,MML-Passive-Post-210520-100355,0,1,0,0
100,100,300,1,0,1000,1,50.0466918945312,0,5,100,20000,45,172731,0,0,36,417,2021,5,20,10,12,46.638,0.2,5,3,523.67742976,524.62747648,SUBJ-ID-154,MML-Passive-Post-210520-100355,0,0,1,0
100,100,300,1,0,1000,1,50.0466918945312,0,5,100,20000,45,186830,0,0,36,418,2021,5,20,10,12,47.793,0.2,5,3,524.84788224,525.79792896,SUBJ-ID-154,MML-Passive-Post-210520-100355,0,0,1,0
100,100,300,1,0,1000,1,50.0466918945312,0,5,100,20000,45,201534,0,0,36,419,2021,5,20,10,12,48.997,0.2,5,3,526.00438784,526.95443456,SUBJ-ID-154,MML-Passive-Post-210520-100355,0,0,1,0
100,100,300,1,0,1000,1,50.0466918945312,0,5,100,20000,45,216398,0,0,36,420,2021,5,20,10,12,50.215,0.2,5,3,527.2072192,528.15726592,SUBJ-ID-154,MML-Passive-Post-210520-100355,0,0,1,0
100,100,300,1,0,1000,0,50.0466918945312,0.349999994039536,5,100,20000,45,230863,0,0,18,421,2021,5,20,10,12,51.4,0.2,5,3,528.4435968,529.39364352,SUBJ-ID-154,MML-Passive-Post-210520-100355,0,1,0,0
100,100,300,1,0,1000,1,50.0466918945312,0,5,100,20000,45,245932,0,0,36,422,2021,5,20,10,12,52.635,0.2,5,3,529.69371648,530.6437632,SUBJ-ID-154,MML-Passive-Post-210520-100355,0,0,1,0
100,100,300,1,0,1000,1,50.0466918945312,0,5,100,20000,45,260632,0,0,36,423,2021,5,20,10,12,53.839,0.2,5,3,530.86359552,531.81364224,SUBJ-ID-154,MML-Passive-Post-210520-100355,0,0,1,0
100,100,300,1,0,1000,1,50.0466918945312,0,5,100,20000,45,275462,0,0,36,424,2021,5,20,10,12,55.054,0.2,5,3,532.09423872,533.04428544,SUBJ-ID-154,MML-Passive-Post-210520-100355,0,0,1,0
100,100,300,1,0,1000,1,50.0466918945312,0,5,100,20000,45,289701,0,0,36,425,2021,5,20,10,12,56.22,0.2,5,3,533.27079424,534.22084096,SUBJ-ID-154,MML-Passive-Post-210520-100355,0,0,1,0
100,100,300,0,0,1000,0,50.0466918945312,0.25,5,100,20000,45,304435,0,0,18,426,2021,5,20,10,12,57.428,0.2,5,3,534.43250176,535.38254848,SUBJ-ID-154,MML-Passive-Post-210520-100355,0,1,0,0
100,100,300,0,0,1000,1,50.0466918945312,0,5,100,20000,45,319140,0,0,36,427,2021,5,20,10,12,58.632,0.2,5,3,535.65810688,536.6081536,SUBJ-ID-154,MML-Passive-Post-210520-100355,0,0,1,0
100,100,300,0,0,1000,1,50.0466918945312,0,5,100,20000,45,333952,0,0,36,428,2021,5,20,10,12,59.846,0.2,5,3,536.83474432,537.78479104,SUBJ-ID-154,MML-Passive-Post-210520-100355,0,0,1,0
100,100,300,0,0,1000,1,50.0466918945312,0,5,100,20000,45,348799,0,0,36,429,2021,5,20,10,13,1.062,0.2,5,3,538.08513024,539.03517696,SUBJ-ID-154,MML-Passive-Post-210520-100355,0,0,1,0
100,100,300,0,0,1000,1,50.0466918945312,0,5,100,20000,45,363208,0,0,36,430,2021,5,20,10,13,2.243,0.2,5,3,539.28974336,540.23979008,SUBJ-ID-154,MML-Passive-Post-210520-100355,0,0,1,0
100,100,300,0,0,1000,0,50.0466918945312,0.180000007152557,5,100,20000,45,11597,0,0,18,431,2021,5,20,10,13,3.469,0.2,5,3,540.47858688,541.4286336,SUBJ-ID-154,MML-Passive-Post-210520-100355,0,1,0,0
100,100,300,0,0,1000,1,50.0466918945312,0,5,100,20000,45,26347,0,0,36,432,2021,5,20,10,13,4.678,0.2,5,3,541.68864768,542.6386944,SUBJ-ID-154,MML-Passive-Post-210520-100355,0,0,1,0
100,100,300,0,0,1000,1,50.0466918945312,0,5,100,20000,45,41058,0,0,36,433,2021,5,20,10,13,5.883,0.2,5,3,542.89836032,543.84840704,SUBJ-ID-154,MML-Passive-Post-210520-100355,0,0,1,0
100,100,300,0,0,1000,1,50.0466918945312,0,5,100,20000,45,55432,0,0,36,434,2021,5,20,10,13,7.061,0.2,5,3,544.11720704,545.06725376,SUBJ-ID-154,MML-Passive-Post-210520-100355,0,0,1,0
100,100,300,0,0,1000,1,50.0466918945312,0,5,100,20000,45,70329,0,0,36,435,2021,5,20,10,13,8.28,0.2,5,3,545.26910464,546.21915136,SUBJ-ID-154,MML-Passive-Post-210520-100355,0,0,1,0
100,100,300,1,0,1000,0,50.0466918945312,0.709999978542328,5,100,20000,45,84782,0,0,18,436,2021,5,20,10,13,9.466,0.2,5,3,546.5137152,547.46376192,SUBJ-ID-154,MML-Passive-Post-210520-100355,0,1,0,0
100,100,300,1,0,1000,1,50.0466918945312,0,5,100,20000,45,99590,0,0,36,437,2021,5,20,10,13,10.678,0.2,5,3,547.76383488,548.7138816,SUBJ-ID-154,MML-Passive-Post-210520-100355,0,0,1,0
100,100,300,1,0,1000,1,50.0466918945312,0,5,100,20000,45,113182,0,0,36,438,2021,5,20,10,13,11.791,0.2,5,3,548.87645184,549.82649856,SUBJ-ID-154,MML-Passive-Post-210520-100355,0,0,1,0
100,100,300,1,0,1000,1,50.0466918945312,0,5,100,20000,45,127619,0,0,36,439,2021,5,20,10,13,12.975,0.2,5,3,550.02437632,550.97442304,SUBJ-ID-154,MML-Passive-Post-210520-100355,0,0,1,0
100,100,300,1,0,1000,0,50.0466918945312,0.5,5,100,20000,45,142398,0,0,18,440,2021,5,20,10,13,14.185,0.2,5,3,551.20697344,552.15702016,SUBJ-ID-154,MML-Passive-Post-210520-100355,0,1,0,0
100,100,300,1,0,1000,1,50.0466918945312,0,5,100,20000,45,158272,0,0,36,441,2021,5,20,10,13,15.485,0.2,5,3,552.45709312,553.40713984,SUBJ-ID-154,MML-Passive-Post-210520-100355,0,0,1,0
100,100,300,1,0,1000,1,50.0466918945312,0,5,100,20000,45,173191,0,0,36,442,2021,5,20,10,13,16.708,0.2,5,3,553.73236224,554.68240896,SUBJ-ID-154,MML-Passive-Post-210520-100355,0,0,1,0
100,100,300,1,0,1000,1,50.0466918945312,0,5,100,20000,45,187592,0,0,36,443,2021,5,20,10,13,17.888,0.2,5,3,554.92984832,555.87989504,SUBJ-ID-154,MML-Passive-Post-210520-100355,0,0,1,0
100,100,300,1,0,1000,1,50.0466918945312,0,5,100,20000,45,201427,0,0,36,444,2021,5,20,10,13,19.02,0.2,5,3,556.09647104,557.04651776,SUBJ-ID-154,MML-Passive-Post-210520-100355,0,0,1,0
100,100,300,1,0,1000,1,50.0466918945312,0,5,100,20000,45,215910,0,0,36,445,2021,5,20,10,13,20.207,0.2,5,3,557.25357056,558.20361728,SUBJ-ID-154,MML-Passive-Post-210520-100355,0,0,1,0
100,100,300,1,0,1000,0,50.0466918945312,0.349999994039536,5,100,20000,45,230052,0,0,18,446,2021,5,20,10,13,21.366,0.2,5,3,558.44694016,559.39698688,SUBJ-ID-154,MML-Passive-Post-210520-100355,0,1,0,0
100,100,300,1,0,1000,1,50.0466918945312,0,5,100,20000,45,245770,0,0,36,447,2021,5,20,10,13,22.654,0.2,5,3,559.69705984,560.64710656,SUBJ-ID-154,MML-Passive-Post-210520-100355,0,0,1,0
100,100,300,1,0,1000,1,50.0466918945312,0,5,100,20000,45,260014,0,0,36,448,2021,5,20,10,13,23.821,0.2,5,3,560.87648256,561.82652928,SUBJ-ID-154,MML-Passive-Post-210520-100355,0,0,1,0
100,100,300,1,0,1000,1,50.0466918945312,0,5,100,20000,45,274326,0,0,36,449,2021,5,20,10,13,25.009,0.2,5,3,562.05068288,563.0007296,SUBJ-ID-154,MML-Passive-Post-210520-100355,0,0,1,0
100,100,300,1,0,1000,1,50.0466918945312,0,5,100,20000,45,289279,0,0,36,450,2021,5,20,10,13,26.217,0.2,5,3,563.22349056,564.17353728,SUBJ-ID-154,MML-Passive-Post-210520-100355,0,0,1,0
100,100,300,1,0,1000,1,50.0466918945312,0,5,100,20000,45,303823,0,0,36,451,2021,5,20,10,13,27.409,0.2,5,3,564.42615808,565.3762048,SUBJ-ID-154,MML-Passive-Post-210520-100355,0,0,1,0
100,100,300,0,0,1000,0,50.0466918945312,0.25,5,100,20000,45,317788,0,0,18,452,2021,5,20,10,13,28.553,0.2,5,3,565.60992256,566.55996928,SUBJ-ID-154,MML-Passive-Post-210520-100355,0,1,0,0
100,100,300,0,0,1000,1,50.0466918945312,0,5,100,20000,45,332341,0,0,36,453,2021,5,20,10,13,29.745,0.2,5,3,566.78248448,567.7325312,SUBJ-ID-154,MML-Passive-Post-210520-100355,0,0,1,0
100,100,300,0,0,1000,1,50.0466918945312,0,5,100,20000,45,347208,0,0,36,454,2021,5,20,10,13,30.964,0.2,5,3,567.96084224,568.91088896,SUBJ-ID-154,MML-Passive-Post-210520-100355,0,0,1,0
100,100,300,0,0,1000,1,50.0466918945312,0,5,100,20000,45,361809,0,0,36,455,2021,5,20,10,13,32.159,0.2,5,3,569.1954176,570.14546432,SUBJ-ID-154,MML-Passive-Post-210520-100355,0,0,1,0
100,100,300,0,0,1000,1,50.0466918945312,0,5,100,20000,45,9809,0,0,36,456,2021,5,20,10,13,33.354,0.2,5,3,570.36070912,571.31075584,SUBJ-ID-154,MML-Passive-Post-210520-100355,0,0,1,0
100,100,300,0,0,1000,0,50.0466918945312,0.180000007152557,5,100,20000,45,23549,0,0,18,457,2021,5,20,10,13,34.481,0.2,5,3,571.56352,572.51356672,SUBJ-ID-154,MML-Passive-Post-210520-100355,0,1,0,0
100,100,300,0,0,1000,1,50.0466918945312,0,5,100,20000,45,37996,0,0,36,458,2021,5,20,10,13,35.664,0.2,5,3,572.7084544,573.65850112,SUBJ-ID-154,MML-Passive-Post-210520-100355,0,0,1,0
100,100,300,0,0,1000,1,50.0466918945312,0,5,100,20000,45,52649,0,0,36,459,2021,5,20,10,13,36.864,0.2,5,3,573.89651968,574.8465664,SUBJ-ID-154,MML-Passive-Post-210520-100355,0,0,1,0
100,100,300,0,0,1000,1,50.0466918945312,0,5,100,20000,45,67230,0,0,36,460,2021,5,20,10,13,38.058,0.2,5,3,575.0934528,576.04349952,SUBJ-ID-154,MML-Passive-Post-210520-100355,0,0,1,0
100,100,300,0,0,1000,1,50.0466918945312,0,5,100,20000,45,81862,0,0,36,461,2021,5,20,10,13,39.262,0.2,5,3,576.2674688,577.21751552,SUBJ-ID-154,MML-Passive-Post-210520-100355,0,0,1,0
100,100,300,1,0,1000,0,50.0466918945312,0.709999978542328,5,100,20000,45,96732,0,0,18,462,2021,5,20,10,13,40.476,0.2,5,3,577.4708736,578.42092032,SUBJ-ID-154,MML-Passive-Post-210520-100355,0,1,0,0
100,100,300,1,0,1000,1,50.0466918945312,0,5,100,20000,45,111407,0,0,36,463,2021,5,20,10,13,41.679,0.2,5,3,578.72099328,579.67104,SUBJ-ID-154,MML-Passive-Post-210520-100355,0,0,1,0
100,100,300,1,0,1000,1,50.0466918945312,0,5,100,20000,45,126003,0,0,36,464,2021,5,20,10,13,42.874,0.2,5,3,579.90754304,580.85758976,SUBJ-ID-154,MML-Passive-Post-210520-100355,0,0,1,0
100,100,300,1,0,1000,1,50.0466918945312,0,5,100,20000,45,140826,0,0,36,465,2021,5,20,10,13,44.089,0.2,5,3,581.08123136,582.03127808,SUBJ-ID-154,MML-Passive-Post-210520-100355,0,0,1,0
100,100,300,1,0,1000,0,50.0466918945312,0.5,5,100,20000,45,155329,0,0,18,466,2021,5,20,10,13,45.276,0.2,5,3,582.31508992,583.26513664,SUBJ-ID-154,MML-Passive-Post-210520-100355,0,1,0,0
100,100,300,1,0,1000,1,50.0466918945312,0,5,100,20000,45,170365,0,0,36,467,2021,5,20,10,13,46.508,0.2,5,3,583.5652096,584.51525632,SUBJ-ID-154,MML-Passive-Post-210520-100355,0,0,1,0
100,100,300,1,0,1000,1,50.0466918945312,0,5,100,20000,45,184818,0,0,36,468,2021,5,20,10,13,47.692,0.2,5,3,584.73969664,585.68974336,SUBJ-ID-154,MML-Passive-Post-210520-100355,0,0,1,0
100,100,300,1,0,1000,1,50.0466918945312,0,5,100,20000,45,199432,0,0,36,469,2021,5,20,10,13,48.889,0.2,5,3,585.92872448,586.8787712,SUBJ-ID-154,MML-Passive-Post-210520-100355,0,0,1,0
100,100,300,1,0,1000,1,50.0466918945312,0,5,100,20000,45,214047,0,0,36,470,2021,5,20,10,13,50.086,0.2,5,3,587.09671936,588.04676608,SUBJ-ID-154,MML-Passive-Post-210520-100355,0,0,1,0
100,100,300,1,0,1000,0,50.0466918945312,0.349999994039536,5,100,20000,45,227852,0,0,18,471,2021,5,20,10,13,51.217,0.2,5,3,588.2994688,589.24951552,SUBJ-ID-154,MML-Passive-Post-210520-100355,0,1,0,0
100,100,300,1,0,1000,1,50.0466918945312,0,5,100,20000,45,243958,0,0,36,472,2021,5,20,10,13,52.537,0.2,5,3,589.54958848,590.4996352,SUBJ-ID-154,MML-Passive-Post-210520-100355,0,0,1,0
100,100,300,1,0,1000,1,50.0466918945312,0,5,100,20000,45,258495,0,0,36,473,2021,5,20,10,13,53.728,0.2,5,3,590.76206592,591.71211264,SUBJ-ID-154,MML-Passive-Post-210520-100355,0,0,1,0
100,100,300,1,0,1000,1,50.0466918945312,0,5,100,20000,45,273004,0,0,36,474,2021,5,20,10,13,54.916,0.2,5,3,591.95539456,592.90544128,SUBJ-ID-154,MML-Passive-Post-210520-100355,0,0,1,0
100,100,300,1,0,1000,1,50.0466918945312,0,5,100,20000,45,287759,0,0,36,475,2021,5,20,10,13,56.125,0.2,5,3,593.14384896,594.09389568,SUBJ-ID-154,MML-Passive-Post-210520-100355,0,0,1,0
100,100,300,0,0,1000,0,50.0466918945312,0.25,5,100,20000,45,302379,0,0,18,476,2021,5,20,10,13,57.323,0.2,5,3,594.36357632,595.31362304,SUBJ-ID-154,MML-Passive-Post-210520-100355,0,1,0,0
100,100,300,0,0,1000,1,50.0466918945312,0,5,100,20000,45,317083,0,0,36,477,2021,5,20,10,13,58.528,0.2,5,3,595.53820672,596.48825344,SUBJ-ID-154,MML-Passive-Post-210520-100355,0,0,1,0
100,100,300,0,0,1000,1,50.0466918945312,0,5,100,20000,45,331756,0,0,36,478,2021,5,20,10,13,59.73,0.2,5,3,596.74200064,597.69204736,SUBJ-ID-154,MML-Passive-Post-210520-100355,0,0,1,0
100,100,300,0,0,1000,1,50.0466918945312,0,5,100,20000,45,346406,0,0,36,479,2021,5,20,10,14,0.929,0.2,5,3,597.93911808,598.8891648,SUBJ-ID-154,MML-Passive-Post-210520-100355,0,0,1,0
100,100,300,0,0,1000,1,50.0466918945312,0,5,100,20000,45,361198,0,0,36,480,2021,5,20,10,14,2.141,0.2,5,3,599.14551296,600.09555968,SUBJ-ID-154,MML-Passive-Post-210520-100355,0,0,1,0
100,100,300,0,0,1000,1,50.0466918945312,0,5,100,20000,45,9299,0,0,36,481,2021,5,20,10,14,3.347,0.2,5,3,600.37883904,601.32888576,SUBJ-ID-154,MML-Passive-Post-210520-100355,0,0,1,0
100,100,300,0,0,1000,0,50.0466918945312,0.180000007152557,5,100,20000,45,23931,0,0,18,482,2021,5,20,10,14,4.545,0.2,5,3,601.56022784,602.51027456,SUBJ-ID-154,MML-Passive-Post-210520-100355,0,1,0,0
100,100,300,0,0,1000,1,100.038330078125,0,5,100,20000,45,38769,0,0,40,483,2021,5,20,10,14,5.759,0.2,5,3,602.75562496,603.75566336,SUBJ-ID-154,MML-Passive-Post-210520-100355,0,0,0,1
